class,closed_full_acc,closed_near10_acc,n,open_acc,pair,stratum
beef_carpaccio,0.75,0.9167,24,0.1667,q4b@food101,deficient
beef_tartare,0.5,0.9583,24,0.0833,q4b@food101,deficient
bibimbap,0.875,1.0,24,0.1667,q4b@food101,deficient
bruschetta,0.75,1.0,24,0.4167,q4b@food101,deficient
caprese_salad,0.9167,1.0,24,0.5417,q4b@food101,deficient
ceviche,0.4583,0.8333,24,0.2917,q4b@food101,deficient
chicken_curry,0.875,1.0,24,0.3333,q4b@food101,deficient
crab_cakes,0.7917,1.0,24,0.125,q4b@food101,deficient
creme_brulee,0.875,0.9583,24,0.2083,q4b@food101,deficient
croque_madame,0.3333,0.9583,24,0.0,q4b@food101,deficient
cup_cakes,0.9167,0.875,24,0.0,q4b@food101,deficient
escargots,0.375,0.8333,24,0.125,q4b@food101,deficient
filet_mignon,0.2083,0.2917,24,0.0,q4b@food101,deficient
fish_and_chips,0.875,0.9583,24,0.5417,q4b@food101,deficient
foie_gras,0.2083,0.625,24,0.0,q4b@food101,deficient
frozen_yogurt,0.8333,0.7917,24,0.25,q4b@food101,deficient
gnocchi,0.7917,0.9167,24,0.2083,q4b@food101,deficient
gyoza,0.75,1.0,24,0.125,q4b@food101,deficient
huevos_rancheros,0.6667,1.0,24,0.0,q4b@food101,deficient
panna_cotta,0.4167,0.9583,24,0.0,q4b@food101,deficient
pho,0.9167,0.9583,24,0.0417,q4b@food101,deficient
pork_chop,0.4583,0.875,24,0.2083,q4b@food101,deficient
prime_rib,0.4583,0.5833,24,0.0,q4b@food101,deficient
strawberry_shortcake,0.8333,0.9583,24,0.0,q4b@food101,deficient
tuna_tartare,0.625,1.0,24,0.1667,q4b@food101,deficient
chicken_wings,0.9583,0.9583,24,0.7917,q4b@food101,known
churros,0.875,0.9583,24,0.5,q4b@food101,known
clam_chowder,0.5417,0.7083,24,0.9167,q4b@food101,known
club_sandwich,0.4583,0.875,24,0.7083,q4b@food101,known
deviled_eggs,1.0,1.0,24,0.9167,q4b@food101,known
edamame,0.9583,0.9583,24,0.9167,q4b@food101,known
french_fries,0.9167,0.9583,24,0.9167,q4b@food101,known
greek_salad,0.7917,0.75,24,0.875,q4b@food101,known
hot_and_sour_soup,0.6667,0.9167,24,0.7917,q4b@food101,known
hot_dog,0.9167,1.0,24,0.9167,q4b@food101,known
lobster_bisque,0.75,0.9583,24,0.9167,q4b@food101,known
miso_soup,0.7917,0.875,24,0.5833,q4b@food101,known
nachos,0.9583,1.0,24,0.8333,q4b@food101,known
onion_rings,1.0,1.0,24,1.0,q4b@food101,known
oysters,0.9167,0.9583,24,0.9167,q4b@food101,known
pizza,0.9583,1.0,24,0.9583,q4b@food101,known
samosa,0.875,0.9583,24,0.7917,q4b@food101,known
spaghetti_bolognese,1.0,1.0,24,0.875,q4b@food101,known
spaghetti_carbonara,0.9583,0.9583,24,0.9167,q4b@food101,known
spring_rolls,1.0,1.0,24,0.875,q4b@food101,known
steak,0.6667,0.9167,24,0.4583,q4b@food101,known
sushi,0.9167,0.9583,24,0.875,q4b@food101,known
tacos,0.875,0.9583,24,0.875,q4b@food101,known
tiramisu,0.5833,0.875,24,0.9583,q4b@food101,known
waffles,1.0,1.0,24,0.8333,q4b@food101,known
(overall),0.8533,0.94,600,0.8367,q4b@food101,known
(overall),0.6583,0.89,600,0.16,q4b@food101,deficient
beef_carpaccio,0.8333,0.8333,24,0.0833,q9b@food101,deficient
beef_tartare,0.6667,1.0,24,0.125,q9b@food101,deficient
beignets,0.8333,0.9167,24,0.625,q9b@food101,deficient
cannoli,0.9167,0.9583,24,0.6667,q9b@food101,deficient
ceviche,0.6667,0.7917,24,0.1667,q9b@food101,deficient
crab_cakes,0.7917,1.0,24,0.3333,q9b@food101,deficient
creme_brulee,0.9583,0.9583,24,0.0833,q9b@food101,deficient
croque_madame,0.7083,0.9583,24,0.0,q9b@food101,deficient
cup_cakes,0.9583,0.9167,24,0.0,q9b@food101,deficient
escargots,0.6667,0.9167,24,0.25,q9b@food101,deficient
filet_mignon,0.0417,0.2917,24,0.0,q9b@food101,deficient
foie_gras,0.5417,0.875,24,0.0,q9b@food101,deficient
frozen_yogurt,0.875,0.9167,24,0.375,q9b@food101,deficient
gnocchi,0.8333,0.9583,24,0.5417,q9b@food101,deficient
huevos_rancheros,0.5833,0.9583,24,0.0,q9b@food101,deficient
paella,0.875,1.0,24,0.7083,q9b@food101,deficient
panna_cotta,0.75,0.875,24,0.0,q9b@food101,deficient
pho,0.9167,0.9583,24,0.0833,q9b@food101,deficient
pork_chop,0.5417,0.8333,24,0.2917,q9b@food101,deficient
prime_rib,0.25,0.4583,24,0.0,q9b@food101,deficient
sashimi,0.875,1.0,24,0.4167,q9b@food101,deficient
scallops,0.7917,0.9167,24,0.2917,q9b@food101,deficient
shrimp_and_grits,0.9583,0.9583,24,0.625,q9b@food101,deficient
strawberry_shortcake,0.875,0.9583,24,0.25,q9b@food101,deficient
tuna_tartare,0.5417,1.0,24,0.25,q9b@food101,deficient
beet_salad,0.7917,0.9583,24,0.9167,q9b@food101,known
caesar_salad,0.9583,0.9583,24,0.9583,q9b@food101,known
clam_chowder,0.75,0.75,24,0.9167,q9b@food101,known
club_sandwich,0.7917,0.9167,24,0.9167,q9b@food101,known
deviled_eggs,1.0,1.0,24,1.0,q9b@food101,known
edamame,0.9583,0.9583,24,0.9583,q9b@food101,known
french_fries,0.9167,0.9583,24,0.9583,q9b@food101,known
fried_rice,0.9583,1.0,24,0.9583,q9b@food101,known
greek_salad,0.7083,0.75,24,0.9583,q9b@food101,known
hamburger,0.9167,0.9167,24,0.8333,q9b@food101,known
hot_and_sour_soup,0.9583,0.9583,24,0.9583,q9b@food101,known
hot_dog,0.8333,0.9583,24,0.875,q9b@food101,known
lobster_bisque,0.8333,0.9167,24,1.0,q9b@food101,known
lobster_roll_sandwich,1.0,1.0,24,0.8333,q9b@food101,known
miso_soup,1.0,0.9583,24,0.9167,q9b@food101,known
mussels,1.0,1.0,24,1.0,q9b@food101,known
oysters,0.9583,0.9167,24,0.9167,q9b@food101,known
pizza,0.9583,1.0,24,0.9583,q9b@food101,known
spaghetti_bolognese,1.0,1.0,24,0.9167,q9b@food101,known
spaghetti_carbonara,0.9583,0.9167,24,1.0,q9b@food101,known
spring_rolls,1.0,1.0,24,0.9583,q9b@food101,known
steak,0.8333,0.875,24,0.5,q9b@food101,known
sushi,0.9583,0.9583,24,0.9583,q9b@food101,known
tacos,0.9167,0.9167,24,0.875,q9b@food101,known
waffles,1.0,0.9583,24,0.9167,q9b@food101,known
(overall),0.9183,0.94,600,0.9183,q9b@food101,known
(overall),0.73,0.8883,600,0.2467,q9b@food101,deficient
beef_carpaccio,0.25,0.9167,24,0.0417,internvl4b@food101,deficient
beef_tartare,0.0417,0.1667,24,0.0417,internvl4b@food101,deficient
beignets,0.25,0.9583,24,0.0,internvl4b@food101,deficient
bibimbap,0.5,1.0,24,0.1667,internvl4b@food101,deficient
bruschetta,0.5833,1.0,24,0.0,internvl4b@food101,deficient
cannoli,0.1667,0.125,24,0.0417,internvl4b@food101,deficient
ceviche,0.1667,0.625,24,0.0,internvl4b@food101,deficient
churros,0.3333,0.625,24,0.0417,internvl4b@food101,deficient
crab_cakes,0.3333,1.0,24,0.0833,internvl4b@food101,deficient
creme_brulee,0.1667,0.7083,24,0.0417,internvl4b@food101,deficient
croque_madame,0.2083,0.875,24,0.0,internvl4b@food101,deficient
edamame,0.8333,0.9583,24,0.0,internvl4b@food101,deficient
falafel,0.2917,0.875,24,0.0,internvl4b@food101,deficient
filet_mignon,0.0,0.0,24,0.0,internvl4b@food101,deficient
foie_gras,0.125,0.75,24,0.0,internvl4b@food101,deficient
guacamole,0.25,0.7083,24,0.0417,internvl4b@food101,deficient
gyoza,0.3333,1.0,24,0.0417,internvl4b@food101,deficient
huevos_rancheros,0.375,0.9583,24,0.0,internvl4b@food101,deficient
panna_cotta,0.2083,0.8333,24,0.0,internvl4b@food101,deficient
pho,0.5,0.9583,24,0.0833,internvl4b@food101,deficient
poutine,0.5833,0.9583,24,0.0,internvl4b@food101,deficient
prime_rib,0.25,0.625,24,0.0,internvl4b@food101,deficient
scallops,0.1667,0.4583,24,0.0,internvl4b@food101,deficient
takoyaki,0.0417,0.375,24,0.0,internvl4b@food101,deficient
tuna_tartare,0.0417,0.375,24,0.0,internvl4b@food101,deficient
beet_salad,0.2917,0.5,24,0.9167,internvl4b@food101,known
caesar_salad,0.375,0.8333,24,0.9167,internvl4b@food101,known
chicken_wings,0.5,0.9167,24,0.9583,internvl4b@food101,known
chocolate_cake,0.5,0.9167,24,0.875,internvl4b@food101,known
club_sandwich,0.25,0.7917,24,0.9583,internvl4b@food101,known
donuts,0.6667,0.9583,24,0.875,internvl4b@food101,known
dumplings,0.625,1.0,24,0.75,internvl4b@food101,known
fish_and_chips,0.4167,0.9583,24,0.8333,internvl4b@food101,known
french_fries,0.5,0.8333,24,0.9583,internvl4b@food101,known
fried_rice,0.5833,1.0,24,0.9167,internvl4b@food101,known
greek_salad,0.125,0.75,24,0.9583,internvl4b@food101,known
grilled_salmon,0.4583,0.875,24,0.625,internvl4b@food101,known
hamburger,0.375,0.7917,24,0.875,internvl4b@food101,known
hot_dog,0.375,0.9167,24,0.7083,internvl4b@food101,known
ice_cream,0.1667,0.875,24,0.875,internvl4b@food101,known
lobster_bisque,0.3333,0.4583,24,0.9167,internvl4b@food101,known
mussels,0.5,1.0,24,0.9167,internvl4b@food101,known
oysters,0.5,0.9167,24,0.9167,internvl4b@food101,known
pizza,0.625,0.9583,24,0.9583,internvl4b@food101,known
red_velvet_cake,0.375,0.5417,24,0.75,internvl4b@food101,known
seaweed_salad,0.5417,0.9167,24,0.6667,internvl4b@food101,known
steak,0.25,0.625,24,0.5417,internvl4b@food101,known
sushi,0.4583,0.9583,24,0.9583,internvl4b@food101,known
tacos,0.5833,0.9167,24,0.8333,internvl4b@food101,known
waffles,0.5,0.875,24,0.8333,internvl4b@food101,known
(overall),0.435,0.8433,600,0.8517,internvl4b@food101,known
(overall),0.28,0.7133,600,0.025,internvl4b@food101,deficient
beignets,0.3333,0.9583,24,0.0,llava16@food101,deficient
bibimbap,0.25,0.9167,24,0.0,llava16@food101,deficient
bruschetta,0.2917,0.875,24,0.0,llava16@food101,deficient
ceviche,0.0417,0.5833,24,0.0,llava16@food101,deficient
chicken_curry,0.2083,0.9583,24,0.1667,llava16@food101,deficient
churros,0.4583,0.6667,24,0.0833,llava16@food101,deficient
croque_madame,0.0,0.8333,24,0.0,llava16@food101,deficient
cup_cakes,0.5,0.9167,24,0.0417,llava16@food101,deficient
falafel,0.0,0.3333,24,0.0,llava16@food101,deficient
filet_mignon,0.25,0.125,24,0.0,llava16@food101,deficient
foie_gras,0.0,0.0833,24,0.0,llava16@food101,deficient
gyoza,0.1667,0.7917,24,0.0,llava16@food101,deficient
huevos_rancheros,0.2083,0.9583,24,0.0,llava16@food101,deficient
macarons,0.375,0.9167,24,0.1667,llava16@food101,deficient
pad_thai,0.4167,0.9583,24,0.0,llava16@food101,deficient
paella,0.7083,1.0,24,0.0,llava16@food101,deficient
panna_cotta,0.2083,0.9167,24,0.0,llava16@food101,deficient
peking_duck,0.0833,0.625,24,0.0,llava16@food101,deficient
pho,0.5417,0.9583,24,0.0,llava16@food101,deficient
poutine,0.0417,0.8333,24,0.0,llava16@food101,deficient
prime_rib,0.5,0.7083,24,0.0,llava16@food101,deficient
ramen,0.375,0.875,24,0.0,llava16@food101,deficient
risotto,0.125,0.75,24,0.0,llava16@food101,deficient
sashimi,0.125,1.0,24,0.0,llava16@food101,deficient
takoyaki,0.0,0.25,24,0.0,llava16@food101,deficient
apple_pie,0.1667,0.5,24,0.5,llava16@food101,known
breakfast_burrito,0.1667,0.625,24,0.7917,llava16@food101,known
chicken_wings,0.7917,0.8333,24,0.9167,llava16@food101,known
club_sandwich,0.3333,0.6667,24,0.5833,llava16@food101,known
deviled_eggs,0.3333,0.75,24,0.8333,llava16@food101,known
donuts,0.625,0.875,24,1.0,llava16@food101,known
dumplings,0.375,0.7083,24,0.9167,llava16@food101,known
eggs_benedict,0.5833,1.0,24,0.875,llava16@food101,known
fish_and_chips,0.3333,0.9583,24,0.9583,llava16@food101,known
french_fries,0.75,0.8333,24,0.9583,llava16@food101,known
fried_rice,0.2083,1.0,24,0.75,llava16@food101,known
garlic_bread,0.3333,0.875,24,0.75,llava16@food101,known
greek_salad,0.2083,0.5,24,0.75,llava16@food101,known
hot_dog,0.5833,0.8333,24,0.75,llava16@food101,known
onion_rings,0.2917,0.9167,24,1.0,llava16@food101,known
oysters,0.2917,0.9583,24,0.9167,llava16@food101,known
pancakes,0.2917,0.6667,24,0.8333,llava16@food101,known
pizza,0.9167,1.0,24,0.9583,llava16@food101,known
red_velvet_cake,0.4583,0.6667,24,0.75,llava16@food101,known
spaghetti_bolognese,0.5417,0.8333,24,0.9167,llava16@food101,known
spaghetti_carbonara,0.25,1.0,24,0.8333,llava16@food101,known
steak,0.0833,0.125,24,0.6667,llava16@food101,known
sushi,0.9167,0.9583,24,0.9583,llava16@food101,known
tiramisu,0.2083,0.6667,24,0.5417,llava16@food101,known
waffles,0.4583,0.9167,24,0.8333,llava16@food101,known
(overall),0.42,0.7867,600,0.8217,llava16@food101,known
(overall),0.2483,0.7517,600,0.0183,llava16@food101,deficient
beef_carpaccio,0.7917,0.9167,24,0.2083,q3vl4b@food101,deficient
beef_tartare,0.8333,1.0,24,0.0,q3vl4b@food101,deficient
bibimbap,0.9583,0.9583,24,0.25,q3vl4b@food101,deficient
caprese_salad,0.875,1.0,24,0.4167,q3vl4b@food101,deficient
ceviche,0.7917,0.9167,24,0.0833,q3vl4b@food101,deficient
chicken_curry,0.9167,1.0,24,0.5833,q3vl4b@food101,deficient
crab_cakes,0.9583,1.0,24,0.7083,q3vl4b@food101,deficient
creme_brulee,0.9167,1.0,24,0.2083,q3vl4b@food101,deficient
croque_madame,0.7917,0.9583,24,0.0,q3vl4b@food101,deficient
cup_cakes,0.7917,0.9583,24,0.0417,q3vl4b@food101,deficient
eggs_benedict,0.875,1.0,24,0.2083,q3vl4b@food101,deficient
escargots,0.375,0.875,24,0.25,q3vl4b@food101,deficient
falafel,0.75,1.0,24,0.2917,q3vl4b@food101,deficient
filet_mignon,0.5417,0.5,24,0.0,q3vl4b@food101,deficient
foie_gras,0.5833,0.875,24,0.0417,q3vl4b@food101,deficient
frozen_yogurt,0.875,0.9167,24,0.1667,q3vl4b@food101,deficient
gyoza,0.875,1.0,24,0.125,q3vl4b@food101,deficient
huevos_rancheros,0.6667,1.0,24,0.0,q3vl4b@food101,deficient
macarons,1.0,1.0,24,0.0833,q3vl4b@food101,deficient
panna_cotta,0.625,0.9167,24,0.0417,q3vl4b@food101,deficient
pho,0.9167,0.9583,24,0.0,q3vl4b@food101,deficient
prime_rib,0.6667,0.8333,24,0.0,q3vl4b@food101,deficient
spring_rolls,0.9167,1.0,24,0.125,q3vl4b@food101,deficient
strawberry_shortcake,0.7917,0.9583,24,0.0417,q3vl4b@food101,deficient
tuna_tartare,0.4583,0.9167,24,0.2083,q3vl4b@food101,deficient
breakfast_burrito,0.6667,0.9167,24,0.5833,q3vl4b@food101,known
caesar_salad,0.9583,1.0,24,0.9583,q3vl4b@food101,known
chicken_wings,0.9167,1.0,24,0.9167,q3vl4b@food101,known
churros,0.875,0.9583,24,0.6667,q3vl4b@food101,known
club_sandwich,0.6667,0.9167,24,0.875,q3vl4b@food101,known
deviled_eggs,1.0,1.0,24,0.9583,q3vl4b@food101,known
donuts,0.9583,1.0,24,0.9583,q3vl4b@food101,known
edamame,0.9583,0.9583,24,0.9583,q3vl4b@food101,known
french_fries,0.9167,0.9583,24,0.9583,q3vl4b@food101,known
fried_rice,0.9583,1.0,24,0.875,q3vl4b@food101,known
greek_salad,0.7917,0.9167,24,0.9167,q3vl4b@food101,known
hamburger,0.8333,0.9583,24,0.9583,q3vl4b@food101,known
hot_and_sour_soup,0.9583,1.0,24,1.0,q3vl4b@food101,known
hot_dog,0.8333,1.0,24,0.875,q3vl4b@food101,known
lobster_bisque,0.9583,0.875,24,1.0,q3vl4b@food101,known
lobster_roll_sandwich,0.8333,0.9583,24,0.7917,q3vl4b@food101,known
oysters,1.0,1.0,24,0.9167,q3vl4b@food101,known
pizza,0.9583,0.9583,24,0.9583,q3vl4b@food101,known
red_velvet_cake,0.7917,0.875,24,0.8333,q3vl4b@food101,known
spaghetti_bolognese,1.0,1.0,24,0.9167,q3vl4b@food101,known
spaghetti_carbonara,0.8333,0.9583,24,1.0,q3vl4b@food101,known
steak,0.625,0.7917,24,0.625,q3vl4b@food101,known
sushi,0.9167,0.9583,24,0.9167,q3vl4b@food101,known
tacos,0.9583,1.0,24,0.9583,q3vl4b@food101,known
waffles,0.9167,1.0,24,0.9583,q3vl4b@food101,known
(overall),0.8833,0.9583,600,0.8933,q3vl4b@food101,known
(overall),0.7817,0.9383,600,0.1633,q3vl4b@food101,deficient
affenpinscher,0.1667,0.375,24,0.0,q4b@dogs,deficient
airedale,0.25,0.9167,24,0.0,q4b@dogs,deficient
american_staffordshire_terrier,0.1667,0.9583,24,0.0,q4b@dogs,deficient
appenzeller,0.0833,0.25,24,0.0,q4b@dogs,deficient
australian_terrier,0.0833,1.0,24,0.0,q4b@dogs,deficient
basset,0.625,1.0,24,0.0,q4b@dogs,deficient
beagle,0.8333,1.0,24,0.0,q4b@dogs,deficient
black,0.0417,0.75,24,0.0,q4b@dogs,deficient
blenheim_spaniel,0.4583,1.0,24,0.0,q4b@dogs,deficient
bloodhound,0.6667,1.0,24,0.0,q4b@dogs,deficient
bluetick,0.0417,0.9583,24,0.0,q4b@dogs,deficient
border_collie,0.875,0.9167,24,0.0,q4b@dogs,deficient
border_terrier,0.25,0.9583,24,0.0,q4b@dogs,deficient
borzoi,0.7083,1.0,24,0.125,q4b@dogs,deficient
boston_bull,0.6667,0.9583,24,0.0,q4b@dogs,deficient
bouvier_des_flandres,0.0,0.125,24,0.0,q4b@dogs,deficient
boxer,0.875,1.0,24,0.0,q4b@dogs,deficient
briard,0.0833,0.0,24,0.0,q4b@dogs,deficient
brittany_spaniel,0.0833,1.0,24,0.0,q4b@dogs,deficient
bull_mastiff,0.4167,0.7917,24,0.0,q4b@dogs,deficient
cairn,0.0417,0.875,24,0.0,q4b@dogs,deficient
chesapeake_bay_retriever,0.0,0.9167,24,0.0,q4b@dogs,deficient
chow,0.3333,0.9583,24,0.0,q4b@dogs,deficient
clumber,0.0,0.9583,24,0.0,q4b@dogs,deficient
cocker_spaniel,0.75,0.9583,24,0.0,q4b@dogs,deficient
curly,0.0833,0.9583,24,0.0,q4b@dogs,deficient
dandie_dinmont,0.0,0.2917,24,0.0,q4b@dogs,deficient
doberman,0.8333,1.0,24,0.0,q4b@dogs,deficient
english_foxhound,0.1667,0.9167,24,0.0,q4b@dogs,deficient
english_setter,0.0833,0.3333,24,0.0,q4b@dogs,deficient
afghan_hound,0.4583,0.9583,24,0.9167,q4b@dogs,known
african_hunting_dog,0.875,1.0,24,0.9583,q4b@dogs,known
basenji,0.375,0.9167,24,1.0,q4b@dogs,known
bedlington_terrier,0.375,0.9583,24,0.0,q4b@dogs,known
bernese_mountain_dog,0.7917,1.0,24,0.875,q4b@dogs,known
brabancon_griffon,0.125,0.9583,24,0.7917,q4b@dogs,known
cardigan,0.1667,1.0,24,0.0,q4b@dogs,known
chihuahua,0.7917,1.0,24,0.0,q4b@dogs,known
collie,0.5,0.9583,24,0.0417,q4b@dogs,known
dhole,0.4583,0.75,24,0.2917,q4b@dogs,known
dingo,0.4167,0.9583,24,0.125,q4b@dogs,known
eskimo_dog,0.0,0.9167,24,0.9167,q4b@dogs,known
greater_swiss_mountain_dog,0.25,0.5417,24,0.8333,q4b@dogs,known
ibizan_hound,0.2083,0.75,24,1.0,q4b@dogs,known
komondor,0.625,0.8333,24,0.125,q4b@dogs,known
leonberg,0.375,0.7083,24,0.9167,q4b@dogs,known
maltese_dog,0.5417,1.0,24,0.9583,q4b@dogs,known
miniature_poodle,0.2083,0.4583,24,0.9167,q4b@dogs,known
newfoundland,0.4167,0.875,24,0.75,q4b@dogs,known
pembroke,0.4167,0.9167,24,0.2083,q4b@dogs,known
pug,0.9167,1.0,24,1.0,q4b@dogs,known
siberian_husky,0.875,0.9167,24,0.0,q4b@dogs,known
standard_poodle,0.25,1.0,24,1.0,q4b@dogs,known
toy_poodle,0.2917,0.2917,24,0.9583,q4b@dogs,known
toy_terrier,0.0,0.3333,24,0.9583,q4b@dogs,known
walker_hound,0.0417,0.9167,24,1.0,q4b@dogs,known
west_highland_white_terrier,0.8333,1.0,24,0.0,q4b@dogs,known
whippet,0.625,1.0,24,0.0417,q4b@dogs,known
wire,0.0,0.8333,24,0.0,q4b@dogs,known
yorkshire_terrier,0.9167,1.0,24,0.0,q4b@dogs,known
(overall),0.4375,0.8583,720,0.5528,q4b@dogs,known
(overall),0.3222,0.8042,720,0.0042,q4b@dogs,deficient
affenpinscher,0.2917,0.5833,24,0.0,q9b@dogs,deficient
airedale,0.875,0.9167,24,0.0,q9b@dogs,deficient
american_staffordshire_terrier,0.5417,0.9583,24,0.0,q9b@dogs,deficient
appenzeller,0.125,0.1667,24,0.0,q9b@dogs,deficient
australian_terrier,0.0833,0.9583,24,0.0,q9b@dogs,deficient
basset,0.625,0.9583,24,0.0,q9b@dogs,deficient
beagle,1.0,1.0,24,0.0,q9b@dogs,deficient
black,0.0,0.9167,24,0.0,q9b@dogs,deficient
blenheim_spaniel,0.75,1.0,24,0.0,q9b@dogs,deficient
bloodhound,0.9583,1.0,24,0.0,q9b@dogs,deficient
bluetick,0.5833,1.0,24,0.0,q9b@dogs,deficient
border_collie,0.9583,1.0,24,0.0,q9b@dogs,deficient
border_terrier,0.7083,0.9583,24,0.0,q9b@dogs,deficient
borzoi,1.0,1.0,24,0.0,q9b@dogs,deficient
boston_bull,0.8333,0.9583,24,0.0417,q9b@dogs,deficient
bouvier_des_flandres,0.0417,0.375,24,0.0,q9b@dogs,deficient
briard,0.125,0.25,24,0.0,q9b@dogs,deficient
brittany_spaniel,0.1667,1.0,24,0.0,q9b@dogs,deficient
bull_mastiff,0.75,1.0,24,0.0,q9b@dogs,deficient
cairn,0.625,1.0,24,0.0,q9b@dogs,deficient
chesapeake_bay_retriever,0.0417,0.9167,24,0.0,q9b@dogs,deficient
clumber,0.0417,0.8333,24,0.0,q9b@dogs,deficient
cocker_spaniel,0.9167,0.9583,24,0.0,q9b@dogs,deficient
collie,0.5833,1.0,24,0.0,q9b@dogs,deficient
curly,0.0,0.9167,24,0.0,q9b@dogs,deficient
dandie_dinmont,0.0,0.2083,24,0.0,q9b@dogs,deficient
english_foxhound,0.125,0.8333,24,0.0,q9b@dogs,deficient
english_setter,0.25,0.4167,24,0.0,q9b@dogs,deficient
english_springer,0.3333,0.5,24,0.0,q9b@dogs,deficient
entlebucher,0.1667,0.0417,24,0.0,q9b@dogs,deficient
afghan_hound,0.9583,1.0,24,0.9583,q9b@dogs,known
african_hunting_dog,1.0,1.0,24,1.0,q9b@dogs,known
basenji,0.625,1.0,24,1.0,q9b@dogs,known
bedlington_terrier,0.7917,1.0,24,0.0,q9b@dogs,known
bernese_mountain_dog,0.9167,0.7917,24,0.7083,q9b@dogs,known
boxer,0.9583,1.0,24,0.0,q9b@dogs,known
brabancon_griffon,0.2083,0.875,24,0.7917,q9b@dogs,known
cardigan,0.0417,0.9583,24,0.0417,q9b@dogs,known
chihuahua,1.0,1.0,24,0.0,q9b@dogs,known
chow,0.875,0.9583,24,0.0,q9b@dogs,known
dhole,0.3333,0.7083,24,0.6667,q9b@dogs,known
dingo,0.8333,0.8333,24,0.0,q9b@dogs,known
doberman,0.9167,1.0,24,0.125,q9b@dogs,known
eskimo_dog,0.0,1.0,24,0.9167,q9b@dogs,known
greater_swiss_mountain_dog,0.5417,0.4167,24,0.8333,q9b@dogs,known
ibizan_hound,0.6667,0.9167,24,0.9583,q9b@dogs,known
kerry_blue_terrier,0.4583,0.9583,24,0.0,q9b@dogs,known
leonberg,0.3333,0.625,24,0.9167,q9b@dogs,known
maltese_dog,0.7917,1.0,24,0.9583,q9b@dogs,known
miniature_poodle,0.375,0.4167,24,0.8333,q9b@dogs,known
newfoundland,0.625,0.875,24,0.625,q9b@dogs,known
pembroke,1.0,1.0,24,0.0417,q9b@dogs,known
pomeranian,0.9167,0.9583,24,0.0,q9b@dogs,known
pug,0.9583,1.0,24,1.0,q9b@dogs,known
siberian_husky,1.0,0.9583,24,0.0,q9b@dogs,known
standard_poodle,0.625,1.0,24,1.0,q9b@dogs,known
toy_poodle,0.5,0.5,24,0.8333,q9b@dogs,known
toy_terrier,0.0833,0.8333,24,0.9583,q9b@dogs,known
walker_hound,0.0,1.0,24,0.9583,q9b@dogs,known
yorkshire_terrier,1.0,1.0,24,0.0,q9b@dogs,known
(overall),0.6444,0.8861,720,0.5375,q9b@dogs,known
(overall),0.45,0.7875,720,0.0014,q9b@dogs,deficient
