abstain_direct,abstain_method,acc_direct,acc_method,break_rate,conf_direct,conf_method,dconf_all,dconf_un_hi,dconf_un_lo,dconf_unchanged,dece,dece_hi,dece_lo,ece_direct,ece_method,method,model,n,n_unchanged,n_with_conf,rescue_rate,stratum
0.105,0.105,0.16,0.21666666666666667,0.10416666666666667,0.40676358532250706,0.6669399190825901,0.26017633376008303,0.2710743259689347,0.23619478739064298,0.25345170800433015,0.16671723891847406,0.19969096635929384,0.12405426372993662,0.26256484829680216,0.4292820872152762,vcd,q4b,600,330,537,0.0873015873015873,low_acc
0.105,0.105,0.16,0.18666666666666668,0.11458333333333333,0.40676358532250706,0.575895189267741,0.16913160394523397,0.10029726557477432,0.062417541041970254,0.08034917934852488,0.1101637079590303,0.1372509834784246,0.06932702668124617,0.26256484829680216,0.37272855625583245,m3id,q4b,600,425,537,0.05357142857142857,low_acc
0.105,0.105,0.16,0.15666666666666668,0.041666666666666664,0.40676358532250706,0.563033575979469,0.15626999065696195,0.16502005221943059,0.1515206332917708,0.1583688156607077,0.13081623659620067,0.15658142374112952,0.0991996388590535,0.26256484829680216,0.39338108489300283,dola,q4b,600,516,537,0.003968253968253968,low_acc
0.105,0.105,0.16,0.14333333333333334,0.15625,0.40676358532250706,0.5902875569446127,0.18352397162210565,0.1957888300123159,0.16830475974254244,0.18171312626717345,0.17195222601710747,0.1993092293888615,0.13862290776798453,0.26256484829680216,0.4345170743139096,deco,q4b,600,448,537,0.00992063492063492,low_acc
0.06,0.06,0.8366666666666667,0.8216666666666667,0.035856573705179286,0.6342508962232594,0.8145952149168819,0.18034431869362264,0.18788435579736798,0.1626582526194129,0.17559567787405533,-0.144745621301815,-0.11064304235327105,-0.17102180777328835,0.2558200257625563,0.11107440446074128,vcd,q4b,600,434,564,0.09183673469387756,high_acc
0.06,0.06,0.8366666666666667,0.825,0.01593625498007968,0.6342508962232594,0.6702304985506314,0.035979602327372164,0.027761348356830688,0.010019979988178496,0.018274481756472016,-0.037946660018770395,-0.020324420834910126,-0.05681143090300747,0.2558200257625563,0.2178733657437859,m3id,q4b,600,543,564,0.01020408163265306,high_acc
0.06,0.06,0.8366666666666667,0.8383333333333334,0.00398406374501992,0.6342508962232594,0.7718015754899235,0.13755067926666414,0.14380465078618912,0.1308459323623003,0.137169828080655,-0.12411461588233072,-0.10661352354506978,-0.13847543906977788,0.2558200257625563,0.13170540988022558,dola,q4b,600,551,564,0.030612244897959183,high_acc
0.06,0.06,0.8366666666666667,0.8133333333333334,0.03187250996015936,0.6342508962232594,0.7835624424859564,0.14931154626269713,0.1587154784135549,0.13614090483304847,0.1475139081363052,-0.12801462575687583,-0.08703309034484867,-0.15437038190651406,0.2558200257625563,0.12780540000568047,deco,q4b,600,518,564,0.02040816326530612,high_acc
0.0,0.0,0.24666666666666667,0.30333333333333334,0.16891891891891891,0.39468493084112805,0.6167342937240998,0.22204936288297175,0.20101280310484287,0.15852026202279582,0.18033799028896785,0.16538269621630514,0.19572808718029405,0.13275621357746425,0.14801826417446134,0.3134009603907665,vcd,q9b,600,286,600,0.13053097345132744,low_acc
0.0,0.0,0.24666666666666667,0.24666666666666667,0.14189189189189189,0.39468493084112805,0.5417460676282644,0.1470611367871364,0.07124755962055988,0.04165618973816263,0.0557087786238769,0.14734372961024444,0.1734032251555473,0.11806877549923953,0.14801826417446134,0.2953619937847058,m3id,q9b,600,435,600,0.046460176991150445,low_acc
0.0,0.0,0.24666666666666667,0.23833333333333334,0.08783783783783784,0.39468493084112805,0.5902371565749248,0.19555222573379674,0.1352853942349835,0.11703640866240853,0.1256892065700346,0.20567603555818403,0.22670329946962497,0.1826614256078998,0.14801826417446134,0.3536942997326454,dola,q9b,600,423,600,0.017699115044247787,low_acc
0.0,0.016666666666666666,0.24666666666666667,0.23833333333333334,0.060810810810810814,0.39468493084112805,0.48136188500871263,0.08667695416758457,0.0822070766002737,0.0700331879243132,0.07592156869761738,0.09501028750091794,0.10982831450458616,0.07748250094925364,0.14801826417446134,0.2430285516753793,deco,q9b,600,486,600,0.008849557522123894,low_acc
0.0016666666666666668,0.0,0.9183333333333333,0.9166666666666666,0.030852994555353903,0.628093154852589,0.7129250327249368,0.08483187787234783,0.09515178526328369,0.06821957943961025,0.08170113092796369,-0.07551306245227651,-0.04955771741581462,-0.10160325728791456,0.2906745843340953,0.2151615218818188,vcd,q9b,600,440,600,0.32653061224489793,high_acc
0.0016666666666666668,0.0,0.9183333333333333,0.9166666666666666,0.010889292196007259,0.628093154852589,0.6513688479860623,0.023275693133473396,0.014245015411223798,0.003088459454011172,0.008159018949502043,-0.01826877129574611,-0.004281459695349156,-0.033721447053054944,0.2906745843340953,0.2724058130383492,m3id,q9b,600,576,600,0.10204081632653061,high_acc
0.0016666666666666668,0.0016666666666666668,0.9183333333333333,0.875,0.056261343012704176,0.628093154852589,0.7555381793528795,0.12744502450029055,0.11229774787502611,0.09613385344561279,0.1044262823585851,-0.0911944840848446,-0.06443227050701773,-0.11631862671300766,0.2906745843340953,0.19948010024925072,dola,q9b,600,459,600,0.10204081632653061,high_acc
0.0016666666666666668,0.005,0.9183333333333333,0.9166666666666666,0.0054446460980036296,0.628093154852589,0.6901200197388728,0.062026864886283874,0.06655416192705806,0.05776877112844546,0.062385104725815654,-0.06347344418366749,-0.055628805848459376,-0.07332399494138864,0.2906745843340953,0.22720114015042783,deco,q9b,600,519,600,0.04081632653061224,high_acc
0.0,0.0,0.025,0.035,0.4,0.3708144494642814,0.6123365664730469,0.24152211700876555,0.2588073168536858,0.2202426612892239,0.23903252694671945,0.23152211700876546,0.2513746897224337,0.21172681000580384,0.3458144494642815,0.577336566473047,vcd,internvl4b,600,311,600,0.020512820512820513,low_acc
0.0,0.0,0.025,0.025,0.2,0.3708144494642814,0.5340123350173235,0.1631978855530421,0.08360277830143596,0.05001711064101298,0.0658563233838223,0.16319788555304193,0.18445743414262916,0.1421499325238789,0.3458144494642815,0.5090123350173235,m3id,internvl4b,600,404,600,0.005128205128205128,low_acc
0.0,0.0,0.025,0.03666666666666667,0.6666666666666666,0.3708144494642814,0.8951444151997566,0.5243299657354752,0.4112821937756653,0.3314140383708984,0.37152075830926284,0.5126632990688085,0.5349177199332044,0.4891518285768108,0.3458144494642815,0.85847774853309,dola,internvl4b,600,94,600,0.02905982905982906,low_acc
0.0,0.005,0.025,0.025,0.0,0.3708144494642814,0.4372297272582849,0.06641527779400348,0.06606804382495074,0.05969575036584672,0.06293420534766181,0.06641527779400336,0.0707800936984519,0.06235917631785075,0.3458144494642815,0.4122297272582849,deco,internvl4b,600,543,600,0.0,low_acc
0.0,0.0,0.8516666666666667,0.8383333333333334,0.050880626223091974,0.6243443411340316,0.775750088195006,0.15140574706097443,0.16261679380296323,0.13575222220184266,0.14936478606337666,-0.14723339522878331,-0.11336288633135462,-0.16905490583615998,0.2275949929654598,0.08036159773667649,vcd,internvl4b,600,468,600,0.20224719101123595,high_acc
0.0,0.0,0.8516666666666667,0.86,0.009784735812133072,0.6243443411340316,0.6689321176707744,0.04458777653674285,0.015194923444326968,0.0035756577174742145,0.008739399085769723,-0.032395844459533696,-0.01697982121165841,-0.04862761168430243,0.2275949929654598,0.1951991485059261,m3id,internvl4b,600,546,600,0.11235955056179775,high_acc
0.0,0.0,0.8516666666666667,0.6883333333333334,0.22700587084148727,0.6243443411340316,0.9461396589875222,0.3217953178534905,0.22562324754893778,0.1880921174898263,0.20671363309506446,0.030211332688728915,0.07391875024729715,-0.0149072384368628,0.2275949929654598,0.2578063256541887,dola,internvl4b,600,310,600,0.20224719101123595,high_acc
0.0,0.0016666666666666668,0.8516666666666667,0.85,0.011741682974559686,0.6243443411340316,0.7072370371719201,0.08289269603788853,0.07675910007324574,0.0669020593405152,0.07202853566724739,-0.0845202757418155,-0.07009839912100388,-0.09504796275713795,0.2275949929654598,0.1430747172236443,deco,internvl4b,600,546,600,0.056179775280898875,high_acc
