model,condition,file,category,n_paths,n_measured,n_unstable,any_default,any_up_to_two,n_validated
llava16,original,apple_pie_eval_027.jpg,every_name_excluded_by_support,2,2,0,False,False,0
llava16,original,apple_pie_eval_034.jpg,every_name_excluded_by_support,2,2,0,False,False,0
llava16,original,beignets_eval_025.jpg,every_name_excluded_by_support,2,2,0,False,False,0
llava16,original,beignets_eval_038.jpg,every_name_excluded_by_support,2,2,0,False,False,0
llava16,original,bibimbap_eval_024.jpg,every_name_excluded_by_support,2,2,0,False,False,0
llava16,original,bibimbap_eval_044.jpg,every_name_excluded_by_support,2,2,0,False,False,0
llava16,original,breakfast_burrito_eval_034.jpg,every_name_excluded_by_support,2,2,0,False,False,0
llava16,original,breakfast_burrito_eval_037.jpg,remaining_score_constraints_incompatible,2,2,0,False,False,0
llava16,original,bruschetta_eval_030.jpg,every_name_excluded_by_support,2,2,0,False,False,0
llava16,original,bruschetta_eval_044.jpg,every_name_excluded_by_support,2,2,0,False,False,0
llava16,original,ceviche_eval_025.jpg,every_name_excluded_by_support,2,2,0,False,False,0
llava16,original,ceviche_eval_030.jpg,remaining_score_constraints_incompatible,2,2,0,False,False,0
llava16,original,chicken_curry_eval_025.jpg,remaining_score_constraints_incompatible,2,2,0,False,False,0
llava16,original,chicken_curry_eval_037.jpg,every_name_excluded_by_support,2,2,0,False,False,0
llava16,original,chicken_wings_eval_025.jpg,every_name_excluded_by_support,2,2,0,False,False,0
llava16,original,chicken_wings_eval_033.jpg,every_name_excluded_by_support,2,2,0,False,False,0
llava16,original,churros_eval_042.jpg,remaining_score_constraints_incompatible,2,2,0,False,False,0
llava16,original,churros_eval_046.jpg,every_name_excluded_by_support,2,2,0,False,False,0
llava16,original,club_sandwich_eval_027.jpg,every_name_excluded_by_support,2,2,0,False,False,0
llava16,original,club_sandwich_eval_028.jpg,every_name_excluded_by_support,2,2,0,False,False,0
llava16,original,croque_madame_eval_025.jpg,every_name_excluded_by_support,2,2,0,False,False,0
llava16,original,croque_madame_eval_039.jpg,every_name_excluded_by_support,2,2,0,False,False,0
llava16,original,cup_cakes_eval_032.jpg,every_name_excluded_by_support,2,2,0,False,False,0
llava16,original,cup_cakes_eval_038.jpg,every_name_excluded_by_support,2,2,0,False,False,0
llava16,original,deviled_eggs_eval_044.jpg,every_name_excluded_by_support,2,2,0,False,False,0
llava16,original,deviled_eggs_eval_045.jpg,every_name_excluded_by_support,2,2,0,False,False,0
llava16,original,donuts_eval_027.jpg,every_name_excluded_by_support,2,2,0,False,False,0
llava16,original,donuts_eval_030.jpg,every_name_excluded_by_support,2,2,0,False,False,0
llava16,original,dumplings_eval_029.jpg,every_name_excluded_by_support,2,2,0,False,False,0
llava16,original,dumplings_eval_037.jpg,every_name_excluded_by_support,2,2,0,False,False,0
llava16,original,eggs_benedict_eval_035.jpg,every_name_excluded_by_support,2,2,0,False,False,0
llava16,original,eggs_benedict_eval_039.jpg,every_name_excluded_by_support,2,2,0,False,False,0
llava16,original,falafel_eval_028.jpg,every_name_excluded_by_support,2,2,0,False,False,0
llava16,original,falafel_eval_047.jpg,every_name_excluded_by_support,2,2,0,False,False,0
llava16,original,filet_mignon_eval_026.jpg,every_name_excluded_by_support,2,2,0,False,False,0
llava16,original,filet_mignon_eval_046.jpg,every_name_excluded_by_support,2,2,0,False,False,0
llava16,original,fish_and_chips_eval_026.jpg,every_name_excluded_by_support,2,2,0,False,False,0
llava16,original,fish_and_chips_eval_044.jpg,every_name_excluded_by_support,2,2,0,False,False,0
llava16,original,foie_gras_eval_029.jpg,every_name_excluded_by_support,2,2,0,False,False,0
llava16,original,foie_gras_eval_037.jpg,every_name_excluded_by_support,2,2,0,False,False,0
llava16,original,french_fries_eval_034.jpg,every_name_excluded_by_support,2,2,0,False,False,0
llava16,original,french_fries_eval_042.jpg,every_name_excluded_by_support,2,2,0,False,False,0
llava16,original,fried_rice_eval_026.jpg,every_name_excluded_by_support,2,2,0,False,False,0
llava16,original,fried_rice_eval_034.jpg,every_name_excluded_by_support,2,2,0,False,False,0
llava16,original,garlic_bread_eval_039.jpg,every_name_excluded_by_support,2,2,0,False,False,0
llava16,original,garlic_bread_eval_044.jpg,every_name_excluded_by_support,2,2,0,False,False,0
llava16,original,greek_salad_eval_032.jpg,every_name_excluded_by_support,2,2,0,False,False,0
llava16,original,greek_salad_eval_045.jpg,every_name_excluded_by_support,2,2,0,False,False,0
llava16,original,gyoza_eval_024.jpg,every_name_excluded_by_support,2,2,0,False,False,0
llava16,original,gyoza_eval_041.jpg,every_name_excluded_by_support,2,2,0,False,False,0
llava16,original,hot_dog_eval_030.jpg,every_name_excluded_by_support,2,2,0,False,False,0
llava16,original,hot_dog_eval_040.jpg,remaining_score_constraints_incompatible,2,2,0,False,False,0
llava16,original,huevos_rancheros_eval_025.jpg,every_name_excluded_by_support,2,2,0,False,False,0
llava16,original,huevos_rancheros_eval_032.jpg,every_name_excluded_by_support,2,2,0,False,False,0
llava16,original,macarons_eval_044.jpg,every_name_excluded_by_support,2,2,0,False,False,0
llava16,original,macarons_eval_047.jpg,remaining_score_constraints_incompatible,2,2,0,False,False,0
llava16,original,onion_rings_eval_038.jpg,every_name_excluded_by_support,2,2,0,False,False,0
llava16,original,onion_rings_eval_047.jpg,every_name_excluded_by_support,2,2,0,False,False,0
llava16,original,oysters_eval_026.jpg,every_name_excluded_by_support,2,2,0,False,False,0
llava16,original,oysters_eval_038.jpg,every_name_excluded_by_support,2,2,0,False,False,0
llava16,original,pad_thai_eval_025.jpg,every_name_excluded_by_support,2,2,0,False,False,0
llava16,original,pad_thai_eval_034.jpg,every_name_excluded_by_support,2,2,0,False,False,0
llava16,original,paella_eval_028.jpg,every_name_excluded_by_support,2,2,0,False,False,0
llava16,original,paella_eval_045.jpg,every_name_excluded_by_support,2,2,0,False,False,0
llava16,original,pancakes_eval_039.jpg,remaining_score_constraints_incompatible,2,2,0,False,False,0
llava16,original,pancakes_eval_040.jpg,every_name_excluded_by_support,2,2,0,False,False,0
llava16,original,panna_cotta_eval_032.jpg,remaining_score_constraints_incompatible,2,2,0,False,False,0
llava16,original,panna_cotta_eval_042.jpg,remaining_score_constraints_incompatible,2,2,0,False,False,0
llava16,original,peking_duck_eval_025.jpg,remaining_score_constraints_incompatible,2,2,0,False,False,0
llava16,original,peking_duck_eval_031.jpg,remaining_score_constraints_incompatible,2,2,0,False,False,0
llava16,original,pho_eval_034.jpg,every_name_excluded_by_support,2,2,0,False,False,0
llava16,original,pho_eval_040.jpg,every_name_excluded_by_support,2,2,0,False,False,0
llava16,original,pizza_eval_040.jpg,every_name_excluded_by_support,2,2,0,False,False,0
llava16,original,pizza_eval_046.jpg,every_name_excluded_by_support,2,2,0,False,False,0
llava16,original,poutine_eval_028.jpg,every_name_excluded_by_support,2,2,0,False,False,0
llava16,original,poutine_eval_036.jpg,every_name_excluded_by_support,2,2,0,False,False,0
llava16,original,prime_rib_eval_029.jpg,every_name_excluded_by_support,2,2,0,False,False,0
llava16,original,prime_rib_eval_038.jpg,every_name_excluded_by_support,2,2,0,False,False,0
llava16,original,ramen_eval_029.jpg,remaining_score_constraints_incompatible,2,2,0,False,False,0
llava16,original,ramen_eval_046.jpg,every_name_excluded_by_support,2,2,0,False,False,0
llava16,original,red_velvet_cake_eval_038.jpg,every_name_excluded_by_support,2,2,0,False,False,0
llava16,original,red_velvet_cake_eval_042.jpg,every_name_excluded_by_support,2,2,0,False,False,0
llava16,original,risotto_eval_026.jpg,every_name_excluded_by_support,2,2,0,False,False,0
llava16,original,risotto_eval_034.jpg,every_name_excluded_by_support,2,2,0,False,False,0
llava16,original,sashimi_eval_025.jpg,every_name_excluded_by_support,2,2,0,False,False,0
llava16,original,sashimi_eval_032.jpg,every_name_excluded_by_support,2,2,0,False,False,0
llava16,original,spaghetti_bolognese_eval_041.jpg,every_name_excluded_by_support,2,2,0,False,False,0
llava16,original,spaghetti_bolognese_eval_045.jpg,remaining_score_constraints_incompatible,2,2,0,False,False,0
llava16,original,spaghetti_carbonara_eval_027.jpg,remaining_score_constraints_incompatible,2,2,0,False,False,0
llava16,original,spaghetti_carbonara_eval_041.jpg,every_name_excluded_by_support,2,2,0,False,False,0
llava16,original,steak_eval_024.jpg,every_name_excluded_by_support,2,2,0,False,False,0
llava16,original,steak_eval_036.jpg,every_name_excluded_by_support,2,2,0,False,False,0
llava16,original,sushi_eval_039.jpg,every_name_excluded_by_support,2,2,0,False,False,0
llava16,original,sushi_eval_047.jpg,every_name_excluded_by_support,2,2,0,False,False,0
llava16,original,takoyaki_eval_031.jpg,every_name_excluded_by_support,2,2,0,False,False,0
llava16,original,takoyaki_eval_040.jpg,every_name_excluded_by_support,2,2,0,False,False,0
llava16,original,tiramisu_eval_036.jpg,every_name_excluded_by_support,2,2,0,False,False,0
llava16,original,tiramisu_eval_044.jpg,remaining_score_constraints_incompatible,2,2,0,False,False,0
llava16,original,waffles_eval_027.jpg,every_name_excluded_by_support,2,2,0,False,False,0
llava16,original,waffles_eval_040.jpg,remaining_score_constraints_incompatible,2,2,0,False,False,0
llava16,short32,apple_pie_eval_027.jpg,every_name_excluded_by_support,2,2,0,False,False,0
llava16,short32,apple_pie_eval_034.jpg,every_name_excluded_by_support,2,2,0,False,False,0
llava16,short32,beignets_eval_025.jpg,every_name_excluded_by_support,2,2,0,False,False,0
llava16,short32,beignets_eval_038.jpg,every_name_excluded_by_support,2,2,0,False,False,0
llava16,short32,bibimbap_eval_024.jpg,every_name_excluded_by_support,2,2,0,False,False,0
llava16,short32,bibimbap_eval_044.jpg,every_name_excluded_by_support,2,2,0,False,False,0
llava16,short32,breakfast_burrito_eval_034.jpg,every_name_excluded_by_support,2,2,0,False,False,0
llava16,short32,breakfast_burrito_eval_037.jpg,every_name_excluded_by_support,2,2,0,False,False,0
llava16,short32,bruschetta_eval_030.jpg,every_name_excluded_by_support,2,2,0,False,False,0
llava16,short32,bruschetta_eval_044.jpg,every_name_excluded_by_support,2,2,0,False,False,0
llava16,short32,ceviche_eval_025.jpg,every_name_excluded_by_support,2,2,0,False,False,0
llava16,short32,ceviche_eval_030.jpg,every_name_excluded_by_support,2,2,0,False,False,0
llava16,short32,chicken_curry_eval_025.jpg,every_name_excluded_by_support,2,2,0,False,False,0
llava16,short32,chicken_curry_eval_037.jpg,remaining_score_constraints_incompatible,2,2,0,False,False,0
llava16,short32,chicken_wings_eval_025.jpg,every_name_excluded_by_support,2,2,0,False,False,0
llava16,short32,chicken_wings_eval_033.jpg,every_name_excluded_by_support,2,2,0,False,False,0
llava16,short32,churros_eval_042.jpg,every_name_excluded_by_support,2,2,0,False,False,0
llava16,short32,churros_eval_046.jpg,every_name_excluded_by_support,2,2,0,False,False,0
llava16,short32,club_sandwich_eval_027.jpg,every_name_excluded_by_support,2,2,0,False,False,0
llava16,short32,club_sandwich_eval_028.jpg,every_name_excluded_by_support,2,2,0,False,False,0
llava16,short32,croque_madame_eval_025.jpg,every_name_excluded_by_support,2,2,0,False,False,0
llava16,short32,croque_madame_eval_039.jpg,every_name_excluded_by_support,2,2,0,False,False,0
llava16,short32,cup_cakes_eval_032.jpg,every_name_excluded_by_support,2,2,0,False,False,0
llava16,short32,cup_cakes_eval_038.jpg,every_name_excluded_by_support,2,2,0,False,False,0
llava16,short32,deviled_eggs_eval_044.jpg,every_name_excluded_by_support,2,2,0,False,False,0
llava16,short32,deviled_eggs_eval_045.jpg,every_name_excluded_by_support,2,2,0,False,False,0
llava16,short32,donuts_eval_027.jpg,every_name_excluded_by_support,2,2,0,False,False,0
llava16,short32,donuts_eval_030.jpg,every_name_excluded_by_support,2,2,0,False,False,0
llava16,short32,dumplings_eval_029.jpg,every_name_excluded_by_support,2,2,0,False,False,0
llava16,short32,dumplings_eval_037.jpg,every_name_excluded_by_support,2,2,0,False,False,0
llava16,short32,eggs_benedict_eval_035.jpg,remaining_score_constraints_incompatible,2,2,0,False,False,0
llava16,short32,eggs_benedict_eval_039.jpg,remaining_score_constraints_incompatible,2,2,0,False,False,0
llava16,short32,falafel_eval_028.jpg,every_name_excluded_by_support,2,2,0,False,False,0
llava16,short32,falafel_eval_047.jpg,every_name_excluded_by_support,2,2,0,False,False,0
llava16,short32,filet_mignon_eval_026.jpg,every_name_excluded_by_support,2,2,0,False,False,0
llava16,short32,filet_mignon_eval_046.jpg,every_name_excluded_by_support,2,2,0,False,False,0
llava16,short32,fish_and_chips_eval_026.jpg,every_name_excluded_by_support,2,2,0,False,False,0
llava16,short32,fish_and_chips_eval_044.jpg,every_name_excluded_by_support,2,2,0,False,False,0
llava16,short32,foie_gras_eval_029.jpg,every_name_excluded_by_support,2,2,0,False,False,0
llava16,short32,foie_gras_eval_037.jpg,every_name_excluded_by_support,2,2,0,False,False,0
llava16,short32,french_fries_eval_034.jpg,every_name_excluded_by_support,2,2,0,False,False,0
llava16,short32,french_fries_eval_042.jpg,every_name_excluded_by_support,2,2,0,False,False,0
llava16,short32,fried_rice_eval_026.jpg,every_name_excluded_by_support,2,2,0,False,False,0
llava16,short32,fried_rice_eval_034.jpg,every_name_excluded_by_support,2,2,0,False,False,0
llava16,short32,garlic_bread_eval_039.jpg,every_name_excluded_by_support,2,2,0,False,False,0
llava16,short32,garlic_bread_eval_044.jpg,every_name_excluded_by_support,2,2,0,False,False,0
llava16,short32,greek_salad_eval_032.jpg,every_name_excluded_by_support,2,2,0,False,False,0
llava16,short32,greek_salad_eval_045.jpg,every_name_excluded_by_support,2,2,0,False,False,0
llava16,short32,gyoza_eval_024.jpg,every_name_excluded_by_support,2,2,0,False,False,0
llava16,short32,gyoza_eval_041.jpg,every_name_excluded_by_support,2,2,0,False,False,0
llava16,short32,hot_dog_eval_030.jpg,remaining_score_constraints_incompatible,2,2,0,False,False,0
llava16,short32,hot_dog_eval_040.jpg,every_name_excluded_by_support,2,2,0,False,False,0
llava16,short32,huevos_rancheros_eval_025.jpg,every_name_excluded_by_support,2,2,0,False,False,0
llava16,short32,huevos_rancheros_eval_032.jpg,every_name_excluded_by_support,2,2,0,False,False,0
llava16,short32,macarons_eval_044.jpg,every_name_excluded_by_support,2,2,0,False,False,0
llava16,short32,macarons_eval_047.jpg,every_name_excluded_by_support,2,2,0,False,False,0
llava16,short32,onion_rings_eval_038.jpg,every_name_excluded_by_support,2,2,0,False,False,0
llava16,short32,onion_rings_eval_047.jpg,every_name_excluded_by_support,2,2,0,False,False,0
llava16,short32,oysters_eval_026.jpg,every_name_excluded_by_support,2,2,0,False,False,0
llava16,short32,oysters_eval_038.jpg,every_name_excluded_by_support,2,2,0,False,False,0
llava16,short32,pad_thai_eval_025.jpg,every_name_excluded_by_support,2,2,0,False,False,0
llava16,short32,pad_thai_eval_034.jpg,every_name_excluded_by_support,2,2,0,False,False,0
llava16,short32,paella_eval_028.jpg,every_name_excluded_by_support,2,2,0,False,False,0
llava16,short32,paella_eval_045.jpg,every_name_excluded_by_support,2,2,0,False,False,0
llava16,short32,pancakes_eval_039.jpg,remaining_score_constraints_incompatible,2,2,0,False,False,0
llava16,short32,pancakes_eval_040.jpg,every_name_excluded_by_support,2,2,0,False,False,0
llava16,short32,panna_cotta_eval_032.jpg,every_name_excluded_by_support,2,2,0,False,False,0
llava16,short32,panna_cotta_eval_042.jpg,remaining_score_constraints_incompatible,2,2,0,False,False,0
llava16,short32,peking_duck_eval_025.jpg,every_name_excluded_by_support,2,2,0,False,False,0
llava16,short32,peking_duck_eval_031.jpg,every_name_excluded_by_support,2,2,0,False,False,0
llava16,short32,pho_eval_034.jpg,every_name_excluded_by_support,2,2,0,False,False,0
llava16,short32,pho_eval_040.jpg,every_name_excluded_by_support,2,2,0,False,False,0
llava16,short32,pizza_eval_040.jpg,every_name_excluded_by_support,2,2,0,False,False,0
llava16,short32,pizza_eval_046.jpg,every_name_excluded_by_support,2,2,0,False,False,0
llava16,short32,poutine_eval_028.jpg,remaining_score_constraints_incompatible,2,2,0,False,False,0
llava16,short32,poutine_eval_036.jpg,every_name_excluded_by_support,2,2,0,False,False,0
llava16,short32,prime_rib_eval_029.jpg,every_name_excluded_by_support,2,2,0,False,False,0
llava16,short32,prime_rib_eval_038.jpg,every_name_excluded_by_support,2,2,0,False,False,0
llava16,short32,ramen_eval_029.jpg,every_name_excluded_by_support,2,2,0,False,False,0
llava16,short32,ramen_eval_046.jpg,every_name_excluded_by_support,2,2,0,False,False,0
llava16,short32,red_velvet_cake_eval_038.jpg,every_name_excluded_by_support,2,2,0,False,False,0
llava16,short32,red_velvet_cake_eval_042.jpg,every_name_excluded_by_support,2,2,0,False,False,0
llava16,short32,risotto_eval_026.jpg,every_name_excluded_by_support,2,2,0,False,False,0
llava16,short32,risotto_eval_034.jpg,every_name_excluded_by_support,2,2,0,False,False,0
llava16,short32,sashimi_eval_025.jpg,every_name_excluded_by_support,2,2,0,False,False,0
llava16,short32,sashimi_eval_032.jpg,every_name_excluded_by_support,2,2,0,False,False,0
llava16,short32,spaghetti_bolognese_eval_041.jpg,every_name_excluded_by_support,2,2,0,False,False,0
llava16,short32,spaghetti_bolognese_eval_045.jpg,every_name_excluded_by_support,2,2,0,False,False,0
llava16,short32,spaghetti_carbonara_eval_027.jpg,every_name_excluded_by_support,2,2,0,False,False,0
llava16,short32,spaghetti_carbonara_eval_041.jpg,every_name_excluded_by_support,2,2,0,False,False,0
llava16,short32,steak_eval_024.jpg,every_name_excluded_by_support,2,2,0,False,False,0
llava16,short32,steak_eval_036.jpg,every_name_excluded_by_support,2,2,0,False,False,0
llava16,short32,sushi_eval_039.jpg,every_name_excluded_by_support,2,2,0,False,False,0
llava16,short32,sushi_eval_047.jpg,every_name_excluded_by_support,2,2,0,False,False,0
llava16,short32,takoyaki_eval_031.jpg,every_name_excluded_by_support,2,2,0,False,False,0
llava16,short32,takoyaki_eval_040.jpg,every_name_excluded_by_support,2,2,0,False,False,0
llava16,short32,tiramisu_eval_036.jpg,every_name_excluded_by_support,2,2,0,False,False,0
llava16,short32,tiramisu_eval_044.jpg,every_name_excluded_by_support,2,2,0,False,False,0
llava16,short32,waffles_eval_027.jpg,every_name_excluded_by_support,2,2,0,False,False,0
llava16,short32,waffles_eval_040.jpg,every_name_excluded_by_support,2,2,0,False,False,0
q9b,original,beef_carpaccio_eval_025.jpg,every_name_excluded_by_support,2,2,0,False,False,0
q9b,original,beef_carpaccio_eval_033.jpg,every_name_excluded_by_support,2,2,0,False,False,0
q9b,original,beef_tartare_eval_024.jpg,remaining_score_constraints_incompatible,2,2,0,False,False,0
q9b,original,beef_tartare_eval_042.jpg,remaining_score_constraints_incompatible,2,2,1,False,False,0
q9b,original,beet_salad_eval_025.jpg,at_least_one_name_reachable,2,2,0,False,True,1
q9b,original,beet_salad_eval_033.jpg,every_name_excluded_by_support,2,2,0,False,False,0
q9b,original,beignets_eval_025.jpg,at_least_one_name_reachable,2,2,0,True,True,1
q9b,original,beignets_eval_038.jpg,every_name_excluded_by_support,2,2,0,False,False,0
q9b,original,caesar_salad_eval_037.jpg,every_name_excluded_by_support,2,2,0,False,False,0
q9b,original,caesar_salad_eval_044.jpg,every_name_excluded_by_support,2,2,0,False,False,0
q9b,original,cannoli_eval_026.jpg,remaining_score_constraints_incompatible,2,2,0,False,False,0
q9b,original,cannoli_eval_032.jpg,at_least_one_name_reachable,2,2,0,True,True,1
q9b,original,ceviche_eval_025.jpg,every_name_excluded_by_support,2,2,0,False,False,0
q9b,original,ceviche_eval_030.jpg,every_name_excluded_by_support,2,2,0,False,False,0
q9b,original,clam_chowder_eval_028.jpg,every_name_excluded_by_support,2,2,0,False,False,0
q9b,original,clam_chowder_eval_036.jpg,every_name_excluded_by_support,2,2,0,False,False,0
q9b,original,club_sandwich_eval_027.jpg,every_name_excluded_by_support,2,2,0,False,False,0
q9b,original,club_sandwich_eval_028.jpg,every_name_excluded_by_support,2,2,0,False,False,0
q9b,original,crab_cakes_eval_026.jpg,at_least_one_name_reachable,2,2,0,False,False,1
q9b,original,crab_cakes_eval_044.jpg,every_name_excluded_by_support,2,2,0,False,False,0
q9b,original,creme_brulee_eval_028.jpg,remaining_score_constraints_incompatible,2,2,0,False,False,0
q9b,original,creme_brulee_eval_032.jpg,remaining_score_constraints_incompatible,2,2,0,False,False,0
q9b,original,croque_madame_eval_025.jpg,every_name_excluded_by_support,2,2,0,False,False,0
q9b,original,croque_madame_eval_039.jpg,every_name_excluded_by_support,2,2,0,False,False,0
q9b,original,cup_cakes_eval_032.jpg,every_name_excluded_by_support,2,2,0,False,False,0
q9b,original,cup_cakes_eval_038.jpg,every_name_excluded_by_support,2,2,0,False,False,0
q9b,original,deviled_eggs_eval_044.jpg,at_least_one_name_reachable,2,2,0,False,True,1
q9b,original,deviled_eggs_eval_045.jpg,at_least_one_name_reachable,2,2,1,False,False,0
q9b,original,edamame_eval_028.jpg,at_least_one_name_reachable,2,2,0,True,True,1
q9b,original,edamame_eval_041.jpg,at_least_one_name_reachable,2,2,0,True,True,1
q9b,original,escargots_eval_040.jpg,every_name_excluded_by_support,2,2,0,False,False,0
q9b,original,escargots_eval_047.jpg,every_name_excluded_by_support,2,2,0,False,False,0
q9b,original,filet_mignon_eval_026.jpg,every_name_excluded_by_support,2,2,0,False,False,0
q9b,original,filet_mignon_eval_046.jpg,every_name_excluded_by_support,2,2,0,False,False,0
q9b,original,foie_gras_eval_029.jpg,every_name_excluded_by_support,2,2,0,False,False,0
q9b,original,foie_gras_eval_037.jpg,at_least_one_name_reachable,2,2,0,False,True,1
q9b,original,french_fries_eval_034.jpg,at_least_one_name_reachable,2,2,0,False,True,1
q9b,original,french_fries_eval_042.jpg,remaining_score_constraints_incompatible,2,2,1,False,False,0
q9b,original,fried_rice_eval_026.jpg,at_least_one_name_reachable,2,2,0,False,True,1
q9b,original,fried_rice_eval_034.jpg,at_least_one_name_reachable,2,2,0,True,True,2
q9b,original,frozen_yogurt_eval_033.jpg,at_least_one_name_reachable,2,2,0,True,True,1
q9b,original,frozen_yogurt_eval_038.jpg,every_name_excluded_by_support,2,2,0,False,False,0
q9b,original,gnocchi_eval_035.jpg,at_least_one_name_reachable,2,2,0,True,True,1
q9b,original,gnocchi_eval_037.jpg,at_least_one_name_reachable,2,2,0,True,True,1
q9b,original,greek_salad_eval_032.jpg,every_name_excluded_by_support,2,2,0,False,False,0
q9b,original,greek_salad_eval_045.jpg,every_name_excluded_by_support,2,2,0,False,False,0
q9b,original,hamburger_eval_039.jpg,remaining_score_constraints_incompatible,2,2,0,False,False,0
q9b,original,hamburger_eval_044.jpg,remaining_score_constraints_incompatible,2,2,0,False,False,0
q9b,original,hot_and_sour_soup_eval_032.jpg,every_name_excluded_by_support,2,2,0,False,False,0
q9b,original,hot_and_sour_soup_eval_041.jpg,every_name_excluded_by_support,2,2,0,False,False,0
q9b,original,hot_dog_eval_030.jpg,at_least_one_name_reachable,2,2,0,False,True,1
q9b,original,hot_dog_eval_040.jpg,at_least_one_name_reachable,2,2,0,True,True,1
q9b,original,huevos_rancheros_eval_025.jpg,every_name_excluded_by_support,2,2,0,False,False,0
q9b,original,huevos_rancheros_eval_032.jpg,every_name_excluded_by_support,2,2,0,False,False,0
q9b,original,lobster_bisque_eval_025.jpg,every_name_excluded_by_support,2,2,0,False,False,0
q9b,original,lobster_bisque_eval_044.jpg,every_name_excluded_by_support,2,2,0,False,False,0
q9b,original,lobster_roll_sandwich_eval_029.jpg,remaining_score_constraints_incompatible,2,2,0,False,False,0
q9b,original,lobster_roll_sandwich_eval_038.jpg,every_name_excluded_by_support,2,2,0,False,False,0
q9b,original,miso_soup_eval_033.jpg,every_name_excluded_by_support,2,2,0,False,False,0
q9b,original,miso_soup_eval_039.jpg,at_least_one_name_reachable,2,2,0,True,True,1
q9b,original,mussels_eval_028.jpg,at_least_one_name_reachable,2,2,1,True,True,1
q9b,original,mussels_eval_031.jpg,at_least_one_name_reachable,2,2,0,False,True,1
q9b,original,oysters_eval_026.jpg,at_least_one_name_reachable,2,2,0,True,True,1
q9b,original,oysters_eval_038.jpg,at_least_one_name_reachable,2,2,0,True,True,1
q9b,original,paella_eval_028.jpg,at_least_one_name_reachable,2,2,0,True,True,2
q9b,original,paella_eval_045.jpg,at_least_one_name_reachable,2,2,0,True,True,1
q9b,original,panna_cotta_eval_032.jpg,every_name_excluded_by_support,2,2,0,False,False,0
q9b,original,panna_cotta_eval_042.jpg,every_name_excluded_by_support,2,2,0,False,False,0
q9b,original,pho_eval_034.jpg,every_name_excluded_by_support,2,2,0,False,False,0
q9b,original,pho_eval_040.jpg,at_least_one_name_reachable,2,2,0,True,True,1
q9b,original,pizza_eval_040.jpg,at_least_one_name_reachable,2,2,0,True,True,2
q9b,original,pizza_eval_046.jpg,at_least_one_name_reachable,2,2,0,True,True,1
q9b,original,pork_chop_eval_034.jpg,every_name_excluded_by_support,2,2,0,False,False,0
q9b,original,pork_chop_eval_046.jpg,remaining_score_constraints_incompatible,2,2,0,False,False,0
q9b,original,prime_rib_eval_029.jpg,every_name_excluded_by_support,2,2,0,False,False,0
q9b,original,prime_rib_eval_038.jpg,every_name_excluded_by_support,2,2,0,False,False,0
q9b,original,sashimi_eval_025.jpg,at_least_one_name_reachable,2,2,0,True,True,1
q9b,original,sashimi_eval_032.jpg,remaining_score_constraints_incompatible,2,2,1,False,False,0
q9b,original,scallops_eval_031.jpg,at_least_one_name_reachable,2,2,0,True,True,1
q9b,original,scallops_eval_044.jpg,at_least_one_name_reachable,2,2,0,True,True,1
q9b,original,shrimp_and_grits_eval_027.jpg,remaining_score_constraints_incompatible,2,2,0,False,False,0
q9b,original,shrimp_and_grits_eval_028.jpg,every_name_excluded_by_support,2,2,0,False,False,0
q9b,original,spaghetti_bolognese_eval_041.jpg,remaining_score_constraints_incompatible,2,2,0,False,False,0
q9b,original,spaghetti_bolognese_eval_045.jpg,every_name_excluded_by_support,2,2,0,False,False,0
q9b,original,spaghetti_carbonara_eval_027.jpg,remaining_score_constraints_incompatible,2,2,0,False,False,0
q9b,original,spaghetti_carbonara_eval_041.jpg,every_name_excluded_by_support,2,2,0,False,False,0
q9b,original,spring_rolls_eval_029.jpg,remaining_score_constraints_incompatible,2,2,0,False,False,0
q9b,original,spring_rolls_eval_041.jpg,remaining_score_constraints_incompatible,2,2,0,False,False,0
q9b,original,steak_eval_024.jpg,every_name_excluded_by_support,2,2,0,False,False,0
q9b,original,steak_eval_036.jpg,at_least_one_name_reachable,2,2,0,True,True,2
q9b,original,strawberry_shortcake_eval_041.jpg,remaining_score_constraints_incompatible,2,2,0,False,False,0
q9b,original,strawberry_shortcake_eval_044.jpg,at_least_one_name_reachable,2,2,0,True,True,1
q9b,original,sushi_eval_039.jpg,at_least_one_name_reachable,2,2,0,True,True,1
q9b,original,sushi_eval_047.jpg,at_least_one_name_reachable,2,2,0,True,True,2
q9b,original,tacos_eval_037.jpg,at_least_one_name_reachable,2,2,0,False,True,1
q9b,original,tacos_eval_039.jpg,at_least_one_name_reachable,2,2,0,True,True,2
q9b,original,tuna_tartare_eval_032.jpg,remaining_score_constraints_incompatible,2,2,0,False,False,0
q9b,original,tuna_tartare_eval_036.jpg,every_name_excluded_by_support,2,2,0,False,False,0
q9b,original,waffles_eval_027.jpg,remaining_score_constraints_incompatible,2,2,0,False,False,0
q9b,original,waffles_eval_040.jpg,remaining_score_constraints_incompatible,2,2,0,False,False,0
q9b,short32,beef_carpaccio_eval_025.jpg,every_name_excluded_by_support,2,2,0,False,False,0
q9b,short32,beef_carpaccio_eval_033.jpg,every_name_excluded_by_support,2,2,0,False,False,0
q9b,short32,beef_tartare_eval_024.jpg,remaining_score_constraints_incompatible,2,2,0,False,False,0
q9b,short32,beef_tartare_eval_042.jpg,every_name_excluded_by_support,2,2,0,False,False,0
q9b,short32,beet_salad_eval_025.jpg,every_name_excluded_by_support,2,2,0,False,False,0
q9b,short32,beet_salad_eval_033.jpg,every_name_excluded_by_support,2,2,0,False,False,0
q9b,short32,beignets_eval_025.jpg,every_name_excluded_by_support,2,2,0,False,False,0
q9b,short32,beignets_eval_038.jpg,every_name_excluded_by_support,2,2,0,False,False,0
q9b,short32,caesar_salad_eval_037.jpg,every_name_excluded_by_support,2,2,0,False,False,0
q9b,short32,caesar_salad_eval_044.jpg,every_name_excluded_by_support,2,2,0,False,False,0
q9b,short32,cannoli_eval_026.jpg,every_name_excluded_by_support,2,2,0,False,False,0
q9b,short32,cannoli_eval_032.jpg,every_name_excluded_by_support,2,2,0,False,False,0
q9b,short32,ceviche_eval_025.jpg,every_name_excluded_by_support,2,2,0,False,False,0
q9b,short32,ceviche_eval_030.jpg,every_name_excluded_by_support,2,2,0,False,False,0
q9b,short32,clam_chowder_eval_028.jpg,every_name_excluded_by_support,2,2,0,False,False,0
q9b,short32,clam_chowder_eval_036.jpg,every_name_excluded_by_support,2,2,0,False,False,0
q9b,short32,club_sandwich_eval_027.jpg,every_name_excluded_by_support,2,2,0,False,False,0
q9b,short32,club_sandwich_eval_028.jpg,every_name_excluded_by_support,2,2,0,False,False,0
q9b,short32,crab_cakes_eval_026.jpg,every_name_excluded_by_support,2,2,0,False,False,0
q9b,short32,crab_cakes_eval_044.jpg,every_name_excluded_by_support,2,2,0,False,False,0
q9b,short32,creme_brulee_eval_028.jpg,at_least_one_name_reachable,2,2,0,False,True,1
q9b,short32,creme_brulee_eval_032.jpg,every_name_excluded_by_support,2,2,0,False,False,0
q9b,short32,croque_madame_eval_025.jpg,every_name_excluded_by_support,2,2,0,False,False,0
q9b,short32,croque_madame_eval_039.jpg,every_name_excluded_by_support,2,2,0,False,False,0
q9b,short32,cup_cakes_eval_032.jpg,every_name_excluded_by_support,2,2,0,False,False,0
q9b,short32,cup_cakes_eval_038.jpg,every_name_excluded_by_support,2,2,0,False,False,0
q9b,short32,deviled_eggs_eval_044.jpg,every_name_excluded_by_support,2,2,0,False,False,0
q9b,short32,deviled_eggs_eval_045.jpg,every_name_excluded_by_support,2,2,0,False,False,0
q9b,short32,edamame_eval_028.jpg,at_least_one_name_reachable,2,2,0,True,True,1
q9b,short32,edamame_eval_041.jpg,at_least_one_name_reachable,2,2,0,True,True,1
q9b,short32,escargots_eval_040.jpg,every_name_excluded_by_support,2,2,0,False,False,0
q9b,short32,escargots_eval_047.jpg,every_name_excluded_by_support,2,2,0,False,False,0
q9b,short32,filet_mignon_eval_026.jpg,every_name_excluded_by_support,2,2,0,False,False,0
q9b,short32,filet_mignon_eval_046.jpg,every_name_excluded_by_support,2,2,0,False,False,0
q9b,short32,foie_gras_eval_029.jpg,every_name_excluded_by_support,2,2,0,False,False,0
q9b,short32,foie_gras_eval_037.jpg,every_name_excluded_by_support,2,2,0,False,False,0
q9b,short32,french_fries_eval_034.jpg,at_least_one_name_reachable,2,2,1,False,True,1
q9b,short32,french_fries_eval_042.jpg,remaining_score_constraints_incompatible,2,2,0,False,False,0
q9b,short32,fried_rice_eval_026.jpg,at_least_one_name_reachable,2,2,0,False,True,1
q9b,short32,fried_rice_eval_034.jpg,at_least_one_name_reachable,2,2,0,True,True,1
q9b,short32,frozen_yogurt_eval_033.jpg,every_name_excluded_by_support,2,2,0,False,False,0
q9b,short32,frozen_yogurt_eval_038.jpg,every_name_excluded_by_support,2,2,0,False,False,0
q9b,short32,gnocchi_eval_035.jpg,every_name_excluded_by_support,2,2,0,False,False,0
q9b,short32,gnocchi_eval_037.jpg,at_least_one_name_reachable,2,2,0,True,True,1
q9b,short32,greek_salad_eval_032.jpg,every_name_excluded_by_support,2,2,0,False,False,0
q9b,short32,greek_salad_eval_045.jpg,every_name_excluded_by_support,2,2,0,False,False,0
q9b,short32,hamburger_eval_039.jpg,remaining_score_constraints_incompatible,2,2,0,False,False,0
q9b,short32,hamburger_eval_044.jpg,at_least_one_name_reachable,2,2,0,True,True,1
q9b,short32,hot_and_sour_soup_eval_032.jpg,every_name_excluded_by_support,2,2,0,False,False,0
q9b,short32,hot_and_sour_soup_eval_041.jpg,every_name_excluded_by_support,2,2,0,False,False,0
q9b,short32,hot_dog_eval_030.jpg,remaining_score_constraints_incompatible,2,2,0,False,False,0
q9b,short32,hot_dog_eval_040.jpg,at_least_one_name_reachable,2,2,0,True,True,1
q9b,short32,huevos_rancheros_eval_025.jpg,every_name_excluded_by_support,2,2,0,False,False,0
q9b,short32,huevos_rancheros_eval_032.jpg,every_name_excluded_by_support,2,2,0,False,False,0
q9b,short32,lobster_bisque_eval_025.jpg,every_name_excluded_by_support,2,2,0,False,False,0
q9b,short32,lobster_bisque_eval_044.jpg,every_name_excluded_by_support,2,2,0,False,False,0
q9b,short32,lobster_roll_sandwich_eval_029.jpg,every_name_excluded_by_support,2,2,0,False,False,0
q9b,short32,lobster_roll_sandwich_eval_038.jpg,every_name_excluded_by_support,2,2,0,False,False,0
q9b,short32,miso_soup_eval_033.jpg,every_name_excluded_by_support,2,2,0,False,False,0
q9b,short32,miso_soup_eval_039.jpg,every_name_excluded_by_support,2,2,0,False,False,0
q9b,short32,mussels_eval_028.jpg,every_name_excluded_by_support,2,2,0,False,False,0
q9b,short32,mussels_eval_031.jpg,at_least_one_name_reachable,2,2,1,True,True,1
q9b,short32,oysters_eval_026.jpg,at_least_one_name_reachable,2,2,0,False,True,1
q9b,short32,oysters_eval_038.jpg,at_least_one_name_reachable,2,2,0,False,False,1
q9b,short32,paella_eval_028.jpg,every_name_excluded_by_support,2,2,1,False,False,0
q9b,short32,paella_eval_045.jpg,at_least_one_name_reachable,2,2,0,False,True,1
q9b,short32,panna_cotta_eval_032.jpg,every_name_excluded_by_support,2,2,0,False,False,0
q9b,short32,panna_cotta_eval_042.jpg,every_name_excluded_by_support,2,2,0,False,False,0
q9b,short32,pho_eval_034.jpg,every_name_excluded_by_support,2,2,0,False,False,0
q9b,short32,pho_eval_040.jpg,every_name_excluded_by_support,2,2,0,False,False,0
q9b,short32,pizza_eval_040.jpg,at_least_one_name_reachable,2,2,0,True,True,1
q9b,short32,pizza_eval_046.jpg,at_least_one_name_reachable,2,2,0,True,True,1
q9b,short32,pork_chop_eval_034.jpg,remaining_score_constraints_incompatible,2,2,0,False,False,0
q9b,short32,pork_chop_eval_046.jpg,every_name_excluded_by_support,2,2,0,False,False,0
q9b,short32,prime_rib_eval_029.jpg,every_name_excluded_by_support,2,2,0,False,False,0
q9b,short32,prime_rib_eval_038.jpg,every_name_excluded_by_support,2,2,0,False,False,0
q9b,short32,sashimi_eval_025.jpg,remaining_score_constraints_incompatible,2,2,1,False,False,0
q9b,short32,sashimi_eval_032.jpg,remaining_score_constraints_incompatible,2,2,0,False,False,0
q9b,short32,scallops_eval_031.jpg,every_name_excluded_by_support,2,2,0,False,False,0
q9b,short32,scallops_eval_044.jpg,every_name_excluded_by_support,2,2,0,False,False,0
q9b,short32,shrimp_and_grits_eval_027.jpg,every_name_excluded_by_support,2,2,0,False,False,0
q9b,short32,shrimp_and_grits_eval_028.jpg,every_name_excluded_by_support,2,2,0,False,False,0
q9b,short32,spaghetti_bolognese_eval_041.jpg,every_name_excluded_by_support,2,2,0,False,False,0
q9b,short32,spaghetti_bolognese_eval_045.jpg,every_name_excluded_by_support,2,2,0,False,False,0
q9b,short32,spaghetti_carbonara_eval_027.jpg,every_name_excluded_by_support,2,2,0,False,False,0
q9b,short32,spaghetti_carbonara_eval_041.jpg,every_name_excluded_by_support,2,2,0,False,False,0
q9b,short32,spring_rolls_eval_029.jpg,remaining_score_constraints_incompatible,2,2,0,False,False,0
q9b,short32,spring_rolls_eval_041.jpg,remaining_score_constraints_incompatible,2,2,0,False,False,0
q9b,short32,steak_eval_024.jpg,every_name_excluded_by_support,2,2,0,False,False,0
q9b,short32,steak_eval_036.jpg,every_name_excluded_by_support,2,2,0,False,False,0
q9b,short32,strawberry_shortcake_eval_041.jpg,remaining_score_constraints_incompatible,2,2,0,False,False,0
q9b,short32,strawberry_shortcake_eval_044.jpg,every_name_excluded_by_support,2,2,0,False,False,0
q9b,short32,sushi_eval_039.jpg,every_name_excluded_by_support,2,2,0,False,False,0
q9b,short32,sushi_eval_047.jpg,at_least_one_name_reachable,2,2,1,False,True,1
q9b,short32,tacos_eval_037.jpg,remaining_score_constraints_incompatible,2,2,0,False,False,0
q9b,short32,tacos_eval_039.jpg,at_least_one_name_reachable,2,2,1,True,True,1
q9b,short32,tuna_tartare_eval_032.jpg,every_name_excluded_by_support,2,2,0,False,False,0
q9b,short32,tuna_tartare_eval_036.jpg,every_name_excluded_by_support,2,2,0,False,False,0
q9b,short32,waffles_eval_027.jpg,every_name_excluded_by_support,2,2,0,False,False,0
q9b,short32,waffles_eval_040.jpg,remaining_score_constraints_incompatible,2,2,0,False,False,0
