model,stratum,method,score_kind,n,corrected_n,induced_n,acc_direct,acc_method,delta_accuracy,correction_rate,induced_error_rate,delta_accuracy_lo,delta_accuracy_hi,n_common_answers,risk80_direct,risk80_method,delta_risk80,delta_risk80_lo,delta_risk80_hi,decision
q4b,low_acc,vcd,sequence,600,44,10,0.16,0.21666666666666667,0.056666666666666664,0.0873015873015873,0.10416666666666667,0.02666666666666667,0.09166666666666666,537,0.8604651162790697,0.772093023255814,-0.08837209302325577,-0.14286581137309298,-0.04215210444527124,no_confirmed_harm_at_primary_budget
q4b,low_acc,m3id,sequence,600,27,11,0.16,0.18666666666666668,0.02666666666666667,0.05357142857142857,0.11458333333333333,-0.006666666666666667,0.065,537,0.8604651162790697,0.8116279069767441,-0.0488372093023256,-0.10575581847902236,0.0,no_confirmed_harm_at_primary_budget
q4b,low_acc,dola,sequence,600,2,4,0.16,0.15666666666666668,-0.0033333333333333335,0.003968253968253968,0.041666666666666664,-0.013333333333333334,0.005,537,0.8604651162790697,0.8604651162790697,0.0,-0.01373234980860281,0.013953488372092985,no_confirmed_harm_at_primary_budget
q4b,low_acc,deco,sequence,600,5,15,0.16,0.14333333333333334,-0.016666666666666666,0.00992063492063492,0.15625,-0.03666666666666667,0.0016666666666666668,537,0.8604651162790697,0.8674418604651163,0.006976744186046546,-0.01847681977589595,0.03712512814978686,no_confirmed_harm_at_primary_budget
q4b,high_acc,vcd,sequence,600,9,18,0.8366666666666667,0.8216666666666667,-0.015,0.09183673469387756,0.035856573705179286,-0.03166666666666667,0.0016666666666666668,564,0.084070796460177,0.10176991150442478,0.017699115044247787,-0.008928571428571438,0.042797125592674,no_confirmed_harm_at_primary_budget
q4b,high_acc,m3id,sequence,600,1,8,0.8366666666666667,0.825,-0.011666666666666667,0.01020408163265306,0.01593625498007968,-0.021666666666666667,-0.0033333333333333335,564,0.084070796460177,0.11061946902654868,0.02654867256637168,0.006564551422319473,0.05418036608106779,higher_fixed_coverage_risk
q4b,high_acc,dola,sequence,600,3,2,0.8366666666666667,0.8383333333333334,0.0016666666666666668,0.030612244897959183,0.00398406374501992,-0.006666666666666667,0.013333333333333334,564,0.084070796460177,0.09292035398230089,0.008849557522123894,-0.0022222222222222227,0.02232142857142856,no_confirmed_harm_at_primary_budget
q4b,high_acc,deco,sequence,600,2,16,0.8366666666666667,0.8133333333333334,-0.023333333333333334,0.02040816326530612,0.03187250996015936,-0.04666666666666667,-0.005,564,0.084070796460177,0.1172566371681416,0.0331858407079646,0.008907207757652202,0.0647430527688603,higher_fixed_coverage_risk
q4b,low_acc,vcd,first,600,44,10,0.16,0.21666666666666667,0.056666666666666664,0.0873015873015873,0.10416666666666667,0.02666666666666667,0.09166666666666666,537,0.8395348837209302,0.7534883720930232,-0.086046511627907,-0.13301689947481968,-0.041565660587719995,no_confirmed_harm_at_primary_budget
q4b,low_acc,m3id,first,600,27,11,0.16,0.18666666666666668,0.02666666666666667,0.05357142857142857,0.11458333333333333,-0.006666666666666667,0.065,537,0.8395348837209302,0.786046511627907,-0.05348837209302326,-0.12446779475982533,0.0073629792934081445,no_confirmed_harm_at_primary_budget
q4b,low_acc,dola,first,600,2,4,0.16,0.15666666666666668,-0.0033333333333333335,0.003968253968253968,0.041666666666666664,-0.013333333333333334,0.005,537,0.8395348837209302,0.8465116279069768,0.006976744186046546,-0.004629898169631369,0.018519592678525466,no_confirmed_harm_at_primary_budget
q4b,low_acc,deco,first,600,5,15,0.16,0.14333333333333334,-0.016666666666666666,0.00992063492063492,0.15625,-0.03666666666666667,0.0016666666666666668,537,0.8395348837209302,0.8651162790697674,0.025581395348837188,-0.004739336492890936,0.05934455704478576,no_confirmed_harm_at_primary_budget
q4b,high_acc,vcd,first,600,9,18,0.8366666666666667,0.8216666666666667,-0.015,0.09183673469387756,0.035856573705179286,-0.03166666666666667,0.0016666666666666668,564,0.06637168141592921,0.09734513274336283,0.03097345132743362,0.0043103448275862155,0.06927704112519256,higher_fixed_coverage_risk
q4b,high_acc,m3id,first,600,1,8,0.8366666666666667,0.825,-0.011666666666666667,0.01020408163265306,0.01593625498007968,-0.021666666666666667,-0.0033333333333333335,564,0.06637168141592921,0.09513274336283185,0.028761061946902644,0.006666666666666668,0.04424778761061947,higher_fixed_coverage_risk
q4b,high_acc,dola,first,600,3,2,0.8366666666666667,0.8383333333333334,0.0016666666666666668,0.030612244897959183,0.00398406374501992,-0.006666666666666667,0.013333333333333334,564,0.06637168141592921,0.07079646017699115,0.00442477876106194,-0.006622882845923935,0.015418502202643174,no_confirmed_harm_at_primary_budget
q4b,high_acc,deco,first,600,2,16,0.8366666666666667,0.8133333333333334,-0.023333333333333334,0.02040816326530612,0.03187250996015936,-0.04666666666666667,-0.005,564,0.06637168141592921,0.11283185840707964,0.04646017699115043,0.02406480061895698,0.06941431670281994,higher_fixed_coverage_risk
q9b,low_acc,vcd,sequence,600,59,25,0.24666666666666667,0.30333333333333334,0.056666666666666664,0.13053097345132744,0.16891891891891891,0.009958333333333336,0.09833333333333333,590,0.7436440677966102,0.6991525423728814,-0.044491525423728806,-0.08668076109936573,0.012684989429175508,no_confirmed_harm_at_primary_budget
q9b,low_acc,m3id,sequence,600,21,21,0.24666666666666667,0.24666666666666667,0.0,0.046460176991150445,0.14189189189189189,-0.03166666666666667,0.03666666666666667,590,0.7436440677966102,0.7648305084745762,0.021186440677966045,-0.027783764367816106,0.07858815500722563,no_confirmed_harm_at_primary_budget
q9b,low_acc,dola,sequence,600,8,13,0.24666666666666667,0.23833333333333334,-0.008333333333333333,0.017699115044247787,0.08783783783783784,-0.025,0.01,590,0.7436440677966102,0.7521186440677966,0.008474576271186418,-0.012712539134189862,0.03586497890295359,no_confirmed_harm_at_primary_budget
q9b,low_acc,deco,sequence,600,4,9,0.24666666666666667,0.23833333333333334,-0.008333333333333333,0.008849557522123894,0.060810810810810814,-0.02,0.0033333333333333335,590,0.7436440677966102,0.7563559322033898,0.012711864406779627,0.0,0.0355685893604303,no_confirmed_harm_at_primary_budget
q9b,high_acc,vcd,sequence,600,16,17,0.9183333333333333,0.9166666666666666,-0.0016666666666666668,0.32653061224489793,0.030852994555353903,-0.02,0.018333333333333333,597,0.04811715481171548,0.07322175732217573,0.025104602510460247,0.0042016806722689065,0.04583333333333334,higher_fixed_coverage_risk
q9b,high_acc,m3id,sequence,600,5,6,0.9183333333333333,0.9166666666666666,-0.0016666666666666668,0.10204081632653061,0.010889292196007259,-0.013333333333333334,0.011666666666666667,597,0.04811715481171548,0.06485355648535565,0.01673640167364017,0.0020876826722338176,0.03556485355648536,no_confirmed_harm_at_primary_budget
q9b,high_acc,dola,sequence,600,5,31,0.9183333333333333,0.875,-0.043333333333333335,0.10204081632653061,0.056261343012704176,-0.075,-0.015,597,0.04811715481171548,0.1108786610878661,0.06276150627615062,0.03131360908141962,0.09853249475890985,higher_fixed_coverage_risk
q9b,high_acc,deco,sequence,600,2,3,0.9183333333333333,0.9166666666666666,-0.0016666666666666668,0.04081632653061224,0.0054446460980036296,-0.008333333333333333,0.005,597,0.04811715481171548,0.04602510460251046,-0.0020920502092050194,-0.008403361344537813,0.01252609603340292,no_confirmed_harm_at_primary_budget
q9b,low_acc,vcd,first,600,59,25,0.24666666666666667,0.30333333333333334,0.056666666666666664,0.13053097345132744,0.16891891891891891,0.009958333333333336,0.09833333333333333,590,0.7182203389830508,0.6864406779661016,-0.03177966101694918,-0.09033613445378152,0.016877637130801593,no_confirmed_harm_at_primary_budget
q9b,low_acc,m3id,first,600,21,21,0.24666666666666667,0.24666666666666667,0.0,0.046460176991150445,0.14189189189189189,-0.03166666666666667,0.03666666666666667,590,0.7182203389830508,0.7478813559322034,0.029661016949152574,-0.025682773109243714,0.07805907172995774,no_confirmed_harm_at_primary_budget
q9b,low_acc,dola,first,600,8,13,0.24666666666666667,0.23833333333333334,-0.008333333333333333,0.017699115044247787,0.08783783783783784,-0.025,0.01,590,0.7182203389830508,0.7521186440677966,0.03389830508474578,0.006252024364349576,0.0572064261038541,higher_fixed_coverage_risk
q9b,low_acc,deco,first,600,4,9,0.24666666666666667,0.23833333333333334,-0.008333333333333333,0.008849557522123894,0.060810810810810814,-0.02,0.0033333333333333335,590,0.7182203389830508,0.7309322033898306,0.012711864406779738,-0.002132196162046962,0.031712473572938715,no_confirmed_harm_at_primary_budget
q9b,high_acc,vcd,first,600,16,17,0.9183333333333333,0.9166666666666666,-0.0016666666666666668,0.32653061224489793,0.030852994555353903,-0.02,0.018333333333333333,597,0.0397489539748954,0.060669456066945605,0.02092050209205021,0.004192872117400416,0.043750000000000004,higher_fixed_coverage_risk
q9b,high_acc,m3id,first,600,5,6,0.9183333333333333,0.9166666666666666,-0.0016666666666666668,0.10204081632653061,0.010889292196007259,-0.013333333333333334,0.011666666666666667,597,0.0397489539748954,0.05230125523012552,0.012552301255230124,0.0,0.031446540880503145,no_confirmed_harm_at_primary_budget
q9b,high_acc,dola,first,600,5,31,0.9183333333333333,0.875,-0.043333333333333335,0.10204081632653061,0.056261343012704176,-0.075,-0.015,597,0.0397489539748954,0.10669456066945607,0.06694560669456068,0.03333333333333334,0.10901467505241089,higher_fixed_coverage_risk
q9b,high_acc,deco,first,600,2,3,0.9183333333333333,0.9166666666666666,-0.0016666666666666668,0.04081632653061224,0.0054446460980036296,-0.008333333333333333,0.005,597,0.0397489539748954,0.04184100418410042,0.0020920502092050194,-0.0041928721174004195,0.014645118988096801,no_confirmed_harm_at_primary_budget
llava16,low_acc,vcd,sequence,600,19,6,0.018333333333333333,0.04,0.021666666666666667,0.03225806451612903,0.5454545454545454,0.0033333333333333335,0.04666666666666667,515,0.9927184466019418,0.9660194174757282,-0.02669902912621358,-0.051984010604852,-0.0071428571428571175,no_confirmed_harm_at_primary_budget
llava16,low_acc,m3id,sequence,600,10,1,0.018333333333333333,0.03333333333333333,0.015,0.01697792869269949,0.09090909090909091,-0.0016666666666666668,0.04,515,0.9927184466019418,0.9781553398058253,-0.014563106796116498,-0.037225484675408274,0.0024038461538461453,no_confirmed_harm_at_primary_budget
llava16,low_acc,dola,sequence,600,0,0,0.018333333333333333,0.018333333333333333,0.0,0.0,0.0,0.0,0.0,515,0.9927184466019418,0.9951456310679612,0.0024271844660194164,-0.007042667771333877,0.004739336492890933,no_confirmed_harm_at_primary_budget
llava16,low_acc,deco,sequence,600,2,4,0.018333333333333333,0.015,-0.0033333333333333335,0.003395585738539898,0.36363636363636365,-0.015,0.005,515,0.9927184466019418,0.9902912621359223,-0.0024271844660194164,-0.012135922330097082,0.00716119538277954,no_confirmed_harm_at_primary_budget
llava16,high_acc,vcd,sequence,600,20,55,0.8216666666666667,0.7633333333333333,-0.058333333333333334,0.18691588785046728,0.11156186612576065,-0.09,-0.02666666666666667,579,0.1206896551724138,0.1875,0.0668103448275862,0.021366382373845055,0.10344827586206896,higher_fixed_coverage_risk
llava16,high_acc,m3id,sequence,600,11,15,0.8216666666666667,0.815,-0.006666666666666667,0.102803738317757,0.030425963488843813,-0.03166666666666667,0.02,579,0.1206896551724138,0.15517241379310345,0.034482758620689655,0.012820512820512803,0.056563180827886694,higher_fixed_coverage_risk
llava16,high_acc,dola,sequence,600,0,3,0.8216666666666667,0.8166666666666667,-0.005,0.0,0.006085192697768763,-0.013333333333333334,0.0,579,0.1206896551724138,0.12284482758620689,0.002155172413793094,-0.008889383815887159,0.01978240302743614,no_confirmed_harm_at_primary_budget
llava16,high_acc,deco,sequence,600,2,7,0.8216666666666667,0.8133333333333334,-0.008333333333333333,0.018691588785046728,0.014198782961460446,-0.021666666666666667,0.0033333333333333335,579,0.1206896551724138,0.10775862068965517,-0.012931034482758633,-0.027485599491167096,0.0043963337547408415,no_confirmed_harm_at_primary_budget
llava16,low_acc,vcd,first,600,19,6,0.018333333333333333,0.04,0.021666666666666667,0.03225806451612903,0.5454545454545454,0.0033333333333333335,0.04666666666666667,515,0.9854368932038835,0.9611650485436893,-0.024271844660194164,-0.05426836288279989,-0.0024568519053813943,no_confirmed_harm_at_primary_budget
llava16,low_acc,m3id,first,600,10,1,0.018333333333333333,0.03333333333333333,0.015,0.01697792869269949,0.09090909090909091,-0.0016666666666666668,0.04,515,0.9854368932038835,0.970873786407767,-0.014563106796116498,-0.03866140830847999,0.007194676950747156,no_confirmed_harm_at_primary_budget
llava16,low_acc,dola,first,600,0,0,0.018333333333333333,0.018333333333333333,0.0,0.0,0.0,0.0,0.0,515,0.9854368932038835,0.9854368932038835,0.0,0.0,0.0,no_confirmed_harm_at_primary_budget
llava16,low_acc,deco,first,600,2,4,0.018333333333333333,0.015,-0.0033333333333333335,0.003395585738539898,0.36363636363636365,-0.015,0.005,515,0.9854368932038835,0.9878640776699029,0.0024271844660194164,-0.007109426889261647,0.014423076923076983,no_confirmed_harm_at_primary_budget
llava16,high_acc,vcd,first,600,20,55,0.8216666666666667,0.7633333333333333,-0.058333333333333334,0.18691588785046728,0.11156186612576065,-0.09,-0.02666666666666667,579,0.10344827586206896,0.17025862068965517,0.0668103448275862,0.01498769535619547,0.10893350930115635,higher_fixed_coverage_risk
llava16,high_acc,m3id,first,600,11,15,0.8216666666666667,0.815,-0.006666666666666667,0.102803738317757,0.030425963488843813,-0.03166666666666667,0.02,579,0.10344827586206896,0.13577586206896552,0.03232758620689656,0.00852878464818764,0.057271882992482794,higher_fixed_coverage_risk
llava16,high_acc,dola,first,600,0,3,0.8216666666666667,0.8166666666666667,-0.005,0.0,0.006085192697768763,-0.013333333333333334,0.0,579,0.10344827586206896,0.10344827586206896,0.0,-0.010753267519466071,0.008602150537634384,no_confirmed_harm_at_primary_budget
llava16,high_acc,deco,first,600,2,7,0.8216666666666667,0.8133333333333334,-0.008333333333333333,0.018691588785046728,0.014198782961460446,-0.021666666666666667,0.0033333333333333335,579,0.10344827586206896,0.09698275862068965,-0.006465517241379309,-0.017391304347826084,0.008621155135175394,no_confirmed_harm_at_primary_budget
internvl4b,low_acc,vcd,sequence,600,12,6,0.025,0.035,0.01,0.020512820512820513,0.4,0.0016666666666666668,0.02,597,0.9769874476987448,0.9644351464435147,-0.012552301255230103,-0.027083333333333348,-0.0020920502092049986,no_confirmed_harm_at_primary_budget
internvl4b,low_acc,m3id,sequence,600,3,3,0.025,0.025,0.0,0.005128205128205128,0.2,-0.006666666666666667,0.006666666666666667,597,0.9769874476987448,0.9769874476987448,0.0,-0.014705882352941128,0.016701461377870545,no_confirmed_harm_at_primary_budget
internvl4b,low_acc,dola,sequence,600,17,10,0.025,0.03666666666666667,0.011666666666666667,0.02905982905982906,0.6666666666666666,-0.005,0.03333333333333333,597,0.9769874476987448,0.9623430962343096,-0.014644351464435212,-0.04384133611691021,0.006249999999999978,no_confirmed_harm_at_primary_budget
internvl4b,low_acc,deco,sequence,600,0,0,0.025,0.025,0.0,0.0,0.0,0.0,0.0,597,0.9769874476987448,0.9769874476987448,0.0,0.0,0.004192872117400381,no_confirmed_harm_at_primary_budget
internvl4b,high_acc,vcd,sequence,600,18,26,0.8516666666666667,0.8383333333333334,-0.013333333333333334,0.20224719101123595,0.050880626223091974,-0.03666666666666667,0.011666666666666667,599,0.07708333333333334,0.09375,0.016666666666666663,-0.009439286959553692,0.04166666666666667,no_confirmed_harm_at_primary_budget
internvl4b,high_acc,m3id,sequence,600,10,5,0.8516666666666667,0.86,0.008333333333333333,0.11235955056179775,0.009784735812133072,-0.006666666666666667,0.023333333333333334,599,0.07708333333333334,0.07916666666666666,0.002083333333333326,-0.010416666666666671,0.02708333333333334,no_confirmed_harm_at_primary_budget
internvl4b,high_acc,dola,sequence,600,18,116,0.8516666666666667,0.6883333333333334,-0.16333333333333333,0.20224719101123595,0.22700587084148727,-0.22333333333333333,-0.105,599,0.07708333333333334,0.25,0.17291666666666666,0.11666666666666667,0.24166666666666664,higher_fixed_coverage_risk
internvl4b,high_acc,deco,sequence,600,5,6,0.8516666666666667,0.85,-0.0016666666666666668,0.056179775280898875,0.011741682974559686,-0.016666666666666666,0.016666666666666666,599,0.07708333333333334,0.06458333333333334,-0.012499999999999997,-0.024999999999999994,0.0167372788435392,no_confirmed_harm_at_primary_budget
internvl4b,low_acc,vcd,first,600,12,6,0.025,0.035,0.01,0.020512820512820513,0.4,0.0016666666666666668,0.02,597,0.9728033472803347,0.9665271966527197,-0.006276150627614996,-0.016667536534446813,0.0020876826722338038,no_confirmed_harm_at_primary_budget
internvl4b,low_acc,m3id,first,600,3,3,0.025,0.025,0.0,0.005128205128205128,0.2,-0.006666666666666667,0.006666666666666667,597,0.9728033472803347,0.9728033472803347,0.0,-0.008438818565400744,0.010416666666666633,no_confirmed_harm_at_primary_budget
internvl4b,low_acc,dola,first,600,17,10,0.025,0.03666666666666667,0.011666666666666667,0.02905982905982906,0.6666666666666666,-0.005,0.03333333333333333,597,0.9728033472803347,0.9623430962343096,-0.010460251046025104,-0.03541666666666665,0.01041666666666663,no_confirmed_harm_at_primary_budget
internvl4b,low_acc,deco,first,600,0,0,0.025,0.025,0.0,0.0,0.0,0.0,0.0,597,0.9728033472803347,0.9728033472803347,0.0,-0.004166666666666652,0.0,no_confirmed_harm_at_primary_budget
internvl4b,high_acc,vcd,first,600,18,26,0.8516666666666667,0.8383333333333334,-0.013333333333333334,0.20224719101123595,0.050880626223091974,-0.03666666666666667,0.011666666666666667,599,0.0625,0.09166666666666666,0.02916666666666666,0.004166666666666666,0.05416666666666666,higher_fixed_coverage_risk
internvl4b,high_acc,m3id,first,600,10,5,0.8516666666666667,0.86,0.008333333333333333,0.11235955056179775,0.009784735812133072,-0.006666666666666667,0.023333333333333334,599,0.0625,0.08958333333333333,0.027083333333333334,0.008333333333333331,0.03541666666666667,higher_fixed_coverage_risk
internvl4b,high_acc,dola,first,600,18,116,0.8516666666666667,0.6883333333333334,-0.16333333333333333,0.20224719101123595,0.22700587084148727,-0.22333333333333333,-0.105,599,0.0625,0.26666666666666666,0.20416666666666666,0.13333333333333333,0.275,higher_fixed_coverage_risk
internvl4b,high_acc,deco,first,600,5,6,0.8516666666666667,0.85,-0.0016666666666666668,0.056179775280898875,0.011741682974559686,-0.016666666666666666,0.016666666666666666,599,0.0625,0.075,0.012499999999999997,-0.008333333333333331,0.02505219206680584,no_confirmed_harm_at_primary_budget
