model,stratum,method,score_kind,coverage_common,coverage_common_actual,coverage_all,risk_direct,risk_method
q4b,low_acc,vcd,sequence,0.2,0.2011173184357542,0.18,0.8611111111111112,0.7592592592592593
q4b,low_acc,vcd,sequence,0.4,0.40037243947858475,0.35833333333333334,0.8930232558139535,0.7534883720930232
q4b,low_acc,vcd,sequence,0.6,0.6014897579143389,0.5383333333333333,0.8947368421052632,0.7832817337461301
q4b,low_acc,vcd,sequence,0.8,0.8007448789571695,0.7166666666666667,0.8604651162790697,0.772093023255814
q4b,low_acc,vcd,sequence,1.0,1.0,0.895,0.8212290502793296,0.7579143389199255
q4b,low_acc,m3id,sequence,0.2,0.2011173184357542,0.18,0.8611111111111112,0.6481481481481481
q4b,low_acc,m3id,sequence,0.4,0.40037243947858475,0.35833333333333334,0.8930232558139535,0.7395348837209302
q4b,low_acc,m3id,sequence,0.6,0.6014897579143389,0.5383333333333333,0.8947368421052632,0.7925696594427245
q4b,low_acc,m3id,sequence,0.8,0.8007448789571695,0.7166666666666667,0.8604651162790697,0.8116279069767441
q4b,low_acc,m3id,sequence,1.0,1.0,0.895,0.8212290502793296,0.7914338919925512
q4b,low_acc,dola,sequence,0.2,0.2011173184357542,0.18,0.8611111111111112,0.8611111111111112
q4b,low_acc,dola,sequence,0.4,0.40037243947858475,0.35833333333333334,0.8930232558139535,0.8883720930232558
q4b,low_acc,dola,sequence,0.6,0.6014897579143389,0.5383333333333333,0.8947368421052632,0.8947368421052632
q4b,low_acc,dola,sequence,0.8,0.8007448789571695,0.7166666666666667,0.8604651162790697,0.8604651162790697
q4b,low_acc,dola,sequence,1.0,1.0,0.895,0.8212290502793296,0.8249534450651769
q4b,low_acc,deco,sequence,0.2,0.2011173184357542,0.18,0.8611111111111112,0.9351851851851852
q4b,low_acc,deco,sequence,0.4,0.40037243947858475,0.35833333333333334,0.8930232558139535,0.9255813953488372
q4b,low_acc,deco,sequence,0.6,0.6014897579143389,0.5383333333333333,0.8947368421052632,0.9009287925696594
q4b,low_acc,deco,sequence,0.8,0.8007448789571695,0.7166666666666667,0.8604651162790697,0.8674418604651163
q4b,low_acc,deco,sequence,1.0,1.0,0.895,0.8212290502793296,0.839851024208566
q4b,high_acc,vcd,sequence,0.2,0.20035460992907803,0.18833333333333332,0.02654867256637168,0.01639344262295082
q4b,high_acc,vcd,sequence,0.4,0.40070921985815605,0.37666666666666665,0.048672566371681415,0.07079646017699115
q4b,high_acc,vcd,sequence,0.6,0.601063829787234,0.565,0.06489675516224189,0.08849557522123894
q4b,high_acc,vcd,sequence,0.8,0.8014184397163121,0.7533333333333333,0.084070796460177,0.10176991150442478
q4b,high_acc,vcd,sequence,1.0,1.0,0.94,0.1099290780141844,0.12588652482269502
q4b,high_acc,m3id,sequence,0.2,0.20035460992907803,0.18833333333333332,0.02654867256637168,0.07964601769911504
q4b,high_acc,m3id,sequence,0.4,0.40070921985815605,0.37666666666666665,0.048672566371681415,0.09734513274336283
q4b,high_acc,m3id,sequence,0.6,0.601063829787234,0.565,0.06489675516224189,0.10324483775811209
q4b,high_acc,m3id,sequence,0.8,0.8014184397163121,0.7533333333333333,0.084070796460177,0.11061946902654868
q4b,high_acc,m3id,sequence,1.0,1.0,0.94,0.1099290780141844,0.12234042553191489
q4b,high_acc,dola,sequence,0.2,0.20035460992907803,0.18833333333333332,0.02654867256637168,0.01639344262295082
q4b,high_acc,dola,sequence,0.4,0.40070921985815605,0.37666666666666665,0.048672566371681415,0.05309734513274336
q4b,high_acc,dola,sequence,0.6,0.601063829787234,0.565,0.06489675516224189,0.08259587020648967
q4b,high_acc,dola,sequence,0.8,0.8014184397163121,0.7533333333333333,0.084070796460177,0.09292035398230089
q4b,high_acc,dola,sequence,1.0,1.0,0.94,0.1099290780141844,0.10815602836879433
q4b,high_acc,deco,sequence,0.2,0.20035460992907803,0.18833333333333332,0.02654867256637168,0.13274336283185842
q4b,high_acc,deco,sequence,0.4,0.40070921985815605,0.37666666666666665,0.048672566371681415,0.12831858407079647
q4b,high_acc,deco,sequence,0.6,0.601063829787234,0.565,0.06489675516224189,0.12979351032448377
q4b,high_acc,deco,sequence,0.8,0.8014184397163121,0.7533333333333333,0.084070796460177,0.1172566371681416
q4b,high_acc,deco,sequence,1.0,1.0,0.94,0.1099290780141844,0.1347517730496454
q4b,low_acc,vcd,first,0.2,0.2011173184357542,0.18,0.8796296296296297,0.7685185185185185
q4b,low_acc,vcd,first,0.4,0.40037243947858475,0.35833333333333334,0.8744186046511628,0.7546511627906977
q4b,low_acc,vcd,first,0.6,0.6014897579143389,0.5383333333333333,0.8699690402476781,0.7492260061919505
q4b,low_acc,vcd,first,0.8,0.8007448789571695,0.7166666666666667,0.8395348837209302,0.7534883720930232
q4b,low_acc,vcd,first,1.0,1.0,0.895,0.8212290502793296,0.7579143389199255
q4b,low_acc,m3id,first,0.2,0.2011173184357542,0.18,0.8796296296296297,0.5833333333333334
q4b,low_acc,m3id,first,0.4,0.40037243947858475,0.35833333333333334,0.8744186046511628,0.7116279069767442
q4b,low_acc,m3id,first,0.6,0.6014897579143389,0.5383333333333333,0.8699690402476781,0.7647058823529411
q4b,low_acc,m3id,first,0.8,0.8007448789571695,0.7166666666666667,0.8395348837209302,0.786046511627907
q4b,low_acc,m3id,first,1.0,1.0,0.895,0.8212290502793296,0.7914338919925512
q4b,low_acc,dola,first,0.2,0.2011173184357542,0.18,0.8796296296296297,0.8611111111111112
q4b,low_acc,dola,first,0.4,0.40037243947858475,0.35833333333333334,0.8744186046511628,0.8697674418604651
q4b,low_acc,dola,first,0.6,0.6014897579143389,0.5383333333333333,0.8699690402476781,0.8699690402476781
q4b,low_acc,dola,first,0.8,0.8007448789571695,0.7166666666666667,0.8395348837209302,0.8465116279069768
q4b,low_acc,dola,first,1.0,1.0,0.895,0.8212290502793296,0.8249534450651769
q4b,low_acc,deco,first,0.2,0.2011173184357542,0.18,0.8796296296296297,0.9351851851851852
q4b,low_acc,deco,first,0.4,0.40037243947858475,0.35833333333333334,0.8744186046511628,0.9162790697674419
q4b,low_acc,deco,first,0.6,0.6014897579143389,0.5383333333333333,0.8699690402476781,0.8854489164086687
q4b,low_acc,deco,first,0.8,0.8007448789571695,0.7166666666666667,0.8395348837209302,0.8651162790697674
q4b,low_acc,deco,first,1.0,1.0,0.895,0.8212290502793296,0.839851024208566
q4b,high_acc,vcd,first,0.2,0.20035460992907803,0.18833333333333332,0.008849557522123894,0.03428571428571429
q4b,high_acc,vcd,first,0.4,0.40070921985815605,0.37666666666666665,0.03982300884955752,0.0752212389380531
q4b,high_acc,vcd,first,0.6,0.601063829787234,0.565,0.0471976401179941,0.07937784928935372
q4b,high_acc,vcd,first,0.8,0.8014184397163121,0.7533333333333333,0.06637168141592921,0.09734513274336283
q4b,high_acc,vcd,first,1.0,1.0,0.94,0.1099290780141844,0.12588652482269502
q4b,high_acc,m3id,first,0.2,0.20035460992907803,0.18833333333333332,0.008849557522123894,0.08849557522123894
q4b,high_acc,m3id,first,0.4,0.40070921985815605,0.37666666666666665,0.03982300884955752,0.09734513274336283
q4b,high_acc,m3id,first,0.6,0.601063829787234,0.565,0.0471976401179941,0.0855457227138643
q4b,high_acc,m3id,first,0.8,0.8014184397163121,0.7533333333333333,0.06637168141592921,0.09513274336283185
q4b,high_acc,m3id,first,1.0,1.0,0.94,0.1099290780141844,0.12234042553191489
q4b,high_acc,dola,first,0.2,0.20035460992907803,0.18833333333333332,0.008849557522123894,0.017142857142857144
q4b,high_acc,dola,first,0.4,0.40070921985815605,0.37666666666666665,0.03982300884955752,0.035398230088495575
q4b,high_acc,dola,first,0.6,0.601063829787234,0.565,0.0471976401179941,0.0471976401179941
q4b,high_acc,dola,first,0.8,0.8014184397163121,0.7533333333333333,0.06637168141592921,0.07079646017699115
q4b,high_acc,dola,first,1.0,1.0,0.94,0.1099290780141844,0.10815602836879433
q4b,high_acc,deco,first,0.2,0.20035460992907803,0.18833333333333332,0.008849557522123894,0.07079646017699115
q4b,high_acc,deco,first,0.4,0.40070921985815605,0.37666666666666665,0.03982300884955752,0.09292035398230089
q4b,high_acc,deco,first,0.6,0.601063829787234,0.565,0.0471976401179941,0.10619469026548672
q4b,high_acc,deco,first,0.8,0.8014184397163121,0.7533333333333333,0.06637168141592921,0.11283185840707964
q4b,high_acc,deco,first,1.0,1.0,0.94,0.1099290780141844,0.1347517730496454
q9b,low_acc,vcd,sequence,0.2,0.2,0.19666666666666666,0.8050847457627118,0.7033898305084746
q9b,low_acc,vcd,sequence,0.4,0.4,0.3933333333333333,0.7584745762711864,0.6864406779661016
q9b,low_acc,vcd,sequence,0.6,0.6,0.59,0.731638418079096,0.6807909604519774
q9b,low_acc,vcd,sequence,0.8,0.8,0.7866666666666666,0.7436440677966102,0.6991525423728814
q9b,low_acc,vcd,sequence,1.0,1.0,0.9833333333333333,0.7508474576271187,0.6949152542372882
q9b,low_acc,m3id,sequence,0.2,0.2,0.19666666666666666,0.8050847457627118,0.788135593220339
q9b,low_acc,m3id,sequence,0.4,0.4,0.3933333333333333,0.7584745762711864,0.7796610169491526
q9b,low_acc,m3id,sequence,0.6,0.6,0.59,0.731638418079096,0.7711864406779662
q9b,low_acc,m3id,sequence,0.8,0.8,0.7866666666666666,0.7436440677966102,0.7648305084745762
q9b,low_acc,m3id,sequence,1.0,1.0,0.9833333333333333,0.7508474576271187,0.7491525423728813
q9b,low_acc,dola,sequence,0.2,0.2,0.19666666666666666,0.8050847457627118,0.8389830508474576
q9b,low_acc,dola,sequence,0.4,0.4,0.3933333333333333,0.7584745762711864,0.809322033898305
q9b,low_acc,dola,sequence,0.6,0.6,0.59,0.731638418079096,0.7542372881355932
q9b,low_acc,dola,sequence,0.8,0.8,0.7866666666666666,0.7436440677966102,0.7521186440677966
q9b,low_acc,dola,sequence,1.0,1.0,0.9833333333333333,0.7508474576271187,0.7593220338983051
q9b,low_acc,deco,sequence,0.2,0.2,0.19666666666666666,0.8050847457627118,0.7627118644067796
q9b,low_acc,deco,sequence,0.4,0.4,0.3933333333333333,0.7584745762711864,0.7584745762711864
q9b,low_acc,deco,sequence,0.6,0.6,0.59,0.731638418079096,0.748587570621469
q9b,low_acc,deco,sequence,0.8,0.8,0.7866666666666666,0.7436440677966102,0.7563559322033898
q9b,low_acc,deco,sequence,1.0,1.0,0.9833333333333333,0.7508474576271187,0.7576271186440678
q9b,high_acc,vcd,sequence,0.2,0.20100502512562815,0.2,0.016666666666666666,0.058333333333333334
q9b,high_acc,vcd,sequence,0.4,0.40033500837520936,0.3983333333333333,0.02092050209205021,0.058577405857740586
q9b,high_acc,vcd,sequence,0.6,0.6013400335008375,0.5983333333333334,0.04456824512534819,0.06685236768802229
q9b,high_acc,vcd,sequence,0.8,0.8006700167504187,0.7966666666666666,0.04811715481171548,0.07322175732217573
q9b,high_acc,vcd,sequence,1.0,1.0,0.995,0.07872696817420435,0.08375209380234507
q9b,high_acc,m3id,sequence,0.2,0.20100502512562815,0.2,0.016666666666666666,0.05
q9b,high_acc,m3id,sequence,0.4,0.40033500837520936,0.3983333333333333,0.02092050209205021,0.04184100418410042
q9b,high_acc,m3id,sequence,0.6,0.6013400335008375,0.5983333333333334,0.04456824512534819,0.0584958217270195
q9b,high_acc,m3id,sequence,0.8,0.8006700167504187,0.7966666666666666,0.04811715481171548,0.06485355648535565
q9b,high_acc,m3id,sequence,1.0,1.0,0.995,0.07872696817420435,0.07872696817420435
q9b,high_acc,dola,sequence,0.2,0.20100502512562815,0.2,0.016666666666666666,0.175
q9b,high_acc,dola,sequence,0.4,0.40033500837520936,0.3983333333333333,0.02092050209205021,0.12133891213389121
q9b,high_acc,dola,sequence,0.6,0.6013400335008375,0.5983333333333334,0.04456824512534819,0.116991643454039
q9b,high_acc,dola,sequence,0.8,0.8006700167504187,0.7966666666666666,0.04811715481171548,0.1108786610878661
q9b,high_acc,dola,sequence,1.0,1.0,0.995,0.07872696817420435,0.12227805695142378
q9b,high_acc,deco,sequence,0.2,0.20100502512562815,0.2,0.016666666666666666,0.016666666666666666
q9b,high_acc,deco,sequence,0.4,0.40033500837520936,0.3983333333333333,0.02092050209205021,0.016736401673640166
q9b,high_acc,deco,sequence,0.6,0.6013400335008375,0.5983333333333334,0.04456824512534819,0.036211699164345405
q9b,high_acc,deco,sequence,0.8,0.8006700167504187,0.7966666666666666,0.04811715481171548,0.04602510460251046
q9b,high_acc,deco,sequence,1.0,1.0,0.995,0.07872696817420435,0.07872696817420435
q9b,low_acc,vcd,first,0.2,0.2,0.19666666666666666,0.7711864406779662,0.711864406779661
q9b,low_acc,vcd,first,0.4,0.4,0.3933333333333333,0.690677966101695,0.6567796610169492
q9b,low_acc,vcd,first,0.6,0.6,0.59,0.7062146892655368,0.6610169491525424
q9b,low_acc,vcd,first,0.8,0.8,0.7866666666666666,0.7182203389830508,0.6864406779661016
q9b,low_acc,vcd,first,1.0,1.0,0.9833333333333333,0.7508474576271187,0.6949152542372882
q9b,low_acc,m3id,first,0.2,0.2,0.19666666666666666,0.7711864406779662,0.8135593220338984
q9b,low_acc,m3id,first,0.4,0.4,0.3933333333333333,0.690677966101695,0.7669491525423728
q9b,low_acc,m3id,first,0.6,0.6,0.59,0.7062146892655368,0.7344632768361582
q9b,low_acc,m3id,first,0.8,0.8,0.7866666666666666,0.7182203389830508,0.7478813559322034
q9b,low_acc,m3id,first,1.0,1.0,0.9833333333333333,0.7508474576271187,0.7491525423728813
q9b,low_acc,dola,first,0.2,0.2,0.19666666666666666,0.7711864406779662,0.847457627118644
q9b,low_acc,dola,first,0.4,0.4,0.3933333333333333,0.690677966101695,0.788135593220339
q9b,low_acc,dola,first,0.6,0.6,0.59,0.7062146892655368,0.7401129943502824
q9b,low_acc,dola,first,0.8,0.8,0.7866666666666666,0.7182203389830508,0.7521186440677966
q9b,low_acc,dola,first,1.0,1.0,0.9833333333333333,0.7508474576271187,0.7593220338983051
q9b,low_acc,deco,first,0.2,0.2,0.19666666666666666,0.7711864406779662,0.7372881355932204
q9b,low_acc,deco,first,0.4,0.4,0.3933333333333333,0.690677966101695,0.7033898305084746
q9b,low_acc,deco,first,0.6,0.6,0.59,0.7062146892655368,0.7259887005649718
q9b,low_acc,deco,first,0.8,0.8,0.7866666666666666,0.7182203389830508,0.7309322033898306
q9b,low_acc,deco,first,1.0,1.0,0.9833333333333333,0.7508474576271187,0.7576271186440678
q9b,high_acc,vcd,first,0.2,0.20100502512562815,0.2,0.016666666666666666,0.041666666666666664
q9b,high_acc,vcd,first,0.4,0.40033500837520936,0.3983333333333333,0.008368200836820083,0.04602510460251046
q9b,high_acc,vcd,first,0.6,0.6013400335008375,0.5983333333333334,0.013927576601671309,0.052924791086350974
q9b,high_acc,vcd,first,0.8,0.8006700167504187,0.7966666666666666,0.0397489539748954,0.060669456066945605
q9b,high_acc,vcd,first,1.0,1.0,0.995,0.07872696817420435,0.08375209380234507
q9b,high_acc,m3id,first,0.2,0.20100502512562815,0.2,0.016666666666666666,0.06666666666666667
q9b,high_acc,m3id,first,0.4,0.40033500837520936,0.3983333333333333,0.008368200836820083,0.03765690376569038
q9b,high_acc,m3id,first,0.6,0.6013400335008375,0.5983333333333334,0.013927576601671309,0.03064066852367688
q9b,high_acc,m3id,first,0.8,0.8006700167504187,0.7966666666666666,0.0397489539748954,0.05230125523012552
q9b,high_acc,m3id,first,1.0,1.0,0.995,0.07872696817420435,0.07872696817420435
q9b,high_acc,dola,first,0.2,0.20100502512562815,0.2,0.016666666666666666,0.10833333333333334
q9b,high_acc,dola,first,0.4,0.40033500837520936,0.3983333333333333,0.008368200836820083,0.1589958158995816
q9b,high_acc,dola,first,0.6,0.6013400335008375,0.5983333333333334,0.013927576601671309,0.11977715877437325
q9b,high_acc,dola,first,0.8,0.8006700167504187,0.7966666666666666,0.0397489539748954,0.10669456066945607
q9b,high_acc,dola,first,1.0,1.0,0.995,0.07872696817420435,0.12227805695142378
q9b,high_acc,deco,first,0.2,0.20100502512562815,0.2,0.016666666666666666,0.016666666666666666
q9b,high_acc,deco,first,0.4,0.40033500837520936,0.3983333333333333,0.008368200836820083,0.008368200836820083
q9b,high_acc,deco,first,0.6,0.6013400335008375,0.5983333333333334,0.013927576601671309,0.022284122562674095
q9b,high_acc,deco,first,0.8,0.8006700167504187,0.7966666666666666,0.0397489539748954,0.04184100418410042
q9b,high_acc,deco,first,1.0,1.0,0.995,0.07872696817420435,0.07872696817420435
llava16,low_acc,vcd,sequence,0.2,0.2,0.17166666666666666,1.0,0.9902912621359223
llava16,low_acc,vcd,sequence,0.4,0.4,0.3433333333333333,1.0,0.9854368932038835
llava16,low_acc,vcd,sequence,0.6,0.6,0.515,0.9967637540453075,0.9773462783171522
llava16,low_acc,vcd,sequence,0.8,0.8,0.6866666666666666,0.9927184466019418,0.9660194174757282
llava16,low_acc,vcd,sequence,1.0,1.0,0.8583333333333333,0.9786407766990292,0.9572815533980582
llava16,low_acc,m3id,sequence,0.2,0.2,0.17166666666666666,1.0,0.9514563106796117
llava16,low_acc,m3id,sequence,0.4,0.4,0.3433333333333333,1.0,0.9660194174757282
llava16,low_acc,m3id,sequence,0.6,0.6,0.515,0.9967637540453075,0.9773462783171522
llava16,low_acc,m3id,sequence,0.8,0.8,0.6866666666666666,0.9927184466019418,0.9781553398058253
llava16,low_acc,m3id,sequence,1.0,1.0,0.8583333333333333,0.9786407766990292,0.9689320388349515
llava16,low_acc,dola,sequence,0.2,0.2,0.17166666666666666,1.0,1.0
llava16,low_acc,dola,sequence,0.4,0.4,0.3433333333333333,1.0,1.0
llava16,low_acc,dola,sequence,0.6,0.6,0.515,0.9967637540453075,0.9967637540453075
llava16,low_acc,dola,sequence,0.8,0.8,0.6866666666666666,0.9927184466019418,0.9951456310679612
llava16,low_acc,dola,sequence,1.0,1.0,0.8583333333333333,0.9786407766990292,0.9786407766990292
llava16,low_acc,deco,sequence,0.2,0.2,0.17166666666666666,1.0,1.0
llava16,low_acc,deco,sequence,0.4,0.4,0.3433333333333333,1.0,1.0
llava16,low_acc,deco,sequence,0.6,0.6,0.515,0.9967637540453075,0.9967637540453075
llava16,low_acc,deco,sequence,0.8,0.8,0.6866666666666666,0.9927184466019418,0.9902912621359223
llava16,low_acc,deco,sequence,1.0,1.0,0.8583333333333333,0.9786407766990292,0.9825242718446602
llava16,high_acc,vcd,sequence,0.2,0.2003454231433506,0.19333333333333333,0.0603448275862069,0.10344827586206896
llava16,high_acc,vcd,sequence,0.4,0.4006908462867012,0.38666666666666666,0.08620689655172414,0.14655172413793102
llava16,high_acc,vcd,sequence,0.6,0.6010362694300518,0.58,0.09482758620689655,0.15517241379310345
llava16,high_acc,vcd,sequence,0.8,0.8013816925734024,0.7733333333333333,0.1206896551724138,0.1875
llava16,high_acc,vcd,sequence,1.0,1.0,0.965,0.15544041450777202,0.22107081174438686
llava16,high_acc,m3id,sequence,0.2,0.2003454231433506,0.19333333333333333,0.0603448275862069,0.15517241379310345
llava16,high_acc,m3id,sequence,0.4,0.4006908462867012,0.38666666666666666,0.08620689655172414,0.1336206896551724
llava16,high_acc,m3id,sequence,0.6,0.6010362694300518,0.58,0.09482758620689655,0.13793103448275862
llava16,high_acc,m3id,sequence,0.8,0.8013816925734024,0.7733333333333333,0.1206896551724138,0.15517241379310345
llava16,high_acc,m3id,sequence,1.0,1.0,0.965,0.15544041450777202,0.16407599309153714
llava16,high_acc,dola,sequence,0.2,0.2003454231433506,0.19333333333333333,0.0603448275862069,0.06896551724137931
llava16,high_acc,dola,sequence,0.4,0.4006908462867012,0.38666666666666666,0.08620689655172414,0.06465517241379311
llava16,high_acc,dola,sequence,0.6,0.6010362694300518,0.58,0.09482758620689655,0.08908045977011494
llava16,high_acc,dola,sequence,0.8,0.8013816925734024,0.7733333333333333,0.1206896551724138,0.12284482758620689
llava16,high_acc,dola,sequence,1.0,1.0,0.965,0.15544041450777202,0.16062176165803108
llava16,high_acc,deco,sequence,0.2,0.2003454231433506,0.19333333333333333,0.0603448275862069,0.0603448275862069
llava16,high_acc,deco,sequence,0.4,0.4006908462867012,0.38666666666666666,0.08620689655172414,0.05172413793103448
llava16,high_acc,deco,sequence,0.6,0.6010362694300518,0.58,0.09482758620689655,0.08908045977011494
llava16,high_acc,deco,sequence,0.8,0.8013816925734024,0.7733333333333333,0.1206896551724138,0.10775862068965517
llava16,high_acc,deco,sequence,1.0,1.0,0.965,0.15544041450777202,0.15716753022452504
llava16,low_acc,vcd,first,0.2,0.2,0.17166666666666666,1.0,0.9611650485436893
llava16,low_acc,vcd,first,0.4,0.4,0.3433333333333333,1.0,0.9660194174757282
llava16,low_acc,vcd,first,0.6,0.6,0.515,0.9902912621359223,0.970873786407767
llava16,low_acc,vcd,first,0.8,0.8,0.6866666666666666,0.9854368932038835,0.9611650485436893
llava16,low_acc,vcd,first,1.0,1.0,0.8583333333333333,0.9786407766990292,0.9572815533980582
llava16,low_acc,m3id,first,0.2,0.2,0.17166666666666666,1.0,0.970873786407767
llava16,low_acc,m3id,first,0.4,0.4,0.3433333333333333,1.0,0.9563106796116505
llava16,low_acc,m3id,first,0.6,0.6,0.515,0.9902912621359223,0.970873786407767
llava16,low_acc,m3id,first,0.8,0.8,0.6866666666666666,0.9854368932038835,0.970873786407767
llava16,low_acc,m3id,first,1.0,1.0,0.8583333333333333,0.9786407766990292,0.9689320388349515
llava16,low_acc,dola,first,0.2,0.2,0.17166666666666666,1.0,1.0
llava16,low_acc,dola,first,0.4,0.4,0.3433333333333333,1.0,0.9951456310679612
llava16,low_acc,dola,first,0.6,0.6,0.515,0.9902912621359223,0.9902912621359223
llava16,low_acc,dola,first,0.8,0.8,0.6866666666666666,0.9854368932038835,0.9854368932038835
llava16,low_acc,dola,first,1.0,1.0,0.8583333333333333,0.9786407766990292,0.9786407766990292
llava16,low_acc,deco,first,0.2,0.2,0.17166666666666666,1.0,1.0
llava16,low_acc,deco,first,0.4,0.4,0.3433333333333333,1.0,0.9951456310679612
llava16,low_acc,deco,first,0.6,0.6,0.515,0.9902912621359223,0.9902912621359223
llava16,low_acc,deco,first,0.8,0.8,0.6866666666666666,0.9854368932038835,0.9878640776699029
llava16,low_acc,deco,first,1.0,1.0,0.8583333333333333,0.9786407766990292,0.9825242718446602
llava16,high_acc,vcd,first,0.2,0.2003454231433506,0.19333333333333333,0.05172413793103448,0.05172413793103448
llava16,high_acc,vcd,first,0.4,0.4006908462867012,0.38666666666666666,0.04310344827586207,0.125
llava16,high_acc,vcd,first,0.6,0.6010362694300518,0.58,0.07183908045977011,0.13793103448275862
llava16,high_acc,vcd,first,0.8,0.8013816925734024,0.7733333333333333,0.10344827586206896,0.17025862068965517
llava16,high_acc,vcd,first,1.0,1.0,0.965,0.15544041450777202,0.22107081174438686
llava16,high_acc,m3id,first,0.2,0.2003454231433506,0.19333333333333333,0.05172413793103448,0.1724137931034483
llava16,high_acc,m3id,first,0.4,0.4006908462867012,0.38666666666666666,0.04310344827586207,0.1206896551724138
llava16,high_acc,m3id,first,0.6,0.6010362694300518,0.58,0.07183908045977011,0.12643678160919541
llava16,high_acc,m3id,first,0.8,0.8013816925734024,0.7733333333333333,0.10344827586206896,0.13577586206896552
llava16,high_acc,m3id,first,1.0,1.0,0.965,0.15544041450777202,0.16407599309153714
llava16,high_acc,dola,first,0.2,0.2003454231433506,0.19333333333333333,0.05172413793103448,0.05172413793103448
llava16,high_acc,dola,first,0.4,0.4006908462867012,0.38666666666666666,0.04310344827586207,0.05603448275862069
llava16,high_acc,dola,first,0.6,0.6010362694300518,0.58,0.07183908045977011,0.07183908045977011
llava16,high_acc,dola,first,0.8,0.8013816925734024,0.7733333333333333,0.10344827586206896,0.10344827586206896
llava16,high_acc,dola,first,1.0,1.0,0.965,0.15544041450777202,0.16062176165803108
llava16,high_acc,deco,first,0.2,0.2003454231433506,0.19333333333333333,0.05172413793103448,0.0603448275862069
llava16,high_acc,deco,first,0.4,0.4006908462867012,0.38666666666666666,0.04310344827586207,0.0603448275862069
llava16,high_acc,deco,first,0.6,0.6010362694300518,0.58,0.07183908045977011,0.07183908045977011
llava16,high_acc,deco,first,0.8,0.8013816925734024,0.7733333333333333,0.10344827586206896,0.09698275862068965
llava16,high_acc,deco,first,1.0,1.0,0.965,0.15544041450777202,0.15716753022452504
internvl4b,low_acc,vcd,sequence,0.2,0.20100502512562815,0.2,0.9833333333333333,0.9583333333333334
internvl4b,low_acc,vcd,sequence,0.4,0.40033500837520936,0.3983333333333333,0.9832635983263598,0.9665271966527197
internvl4b,low_acc,vcd,sequence,0.6,0.6013400335008375,0.5983333333333334,0.9805013927576601,0.9665738161559888
internvl4b,low_acc,vcd,sequence,0.8,0.8006700167504187,0.7966666666666666,0.9769874476987448,0.9644351464435147
internvl4b,low_acc,vcd,sequence,1.0,1.0,0.995,0.9748743718592965,0.964824120603015
internvl4b,low_acc,m3id,sequence,0.2,0.20100502512562815,0.2,0.9833333333333333,0.95
internvl4b,low_acc,m3id,sequence,0.4,0.40033500837520936,0.3983333333333333,0.9832635983263598,0.9707112970711297
internvl4b,low_acc,m3id,sequence,0.6,0.6013400335008375,0.5983333333333334,0.9805013927576601,0.9721448467966574
internvl4b,low_acc,m3id,sequence,0.8,0.8006700167504187,0.7966666666666666,0.9769874476987448,0.9769874476987448
internvl4b,low_acc,m3id,sequence,1.0,1.0,0.995,0.9748743718592965,0.9748743718592965
internvl4b,low_acc,dola,sequence,0.2,0.20100502512562815,0.2,0.9833333333333333,0.925
internvl4b,low_acc,dola,sequence,0.4,0.40033500837520936,0.3983333333333333,0.9832635983263598,0.9456066945606695
internvl4b,low_acc,dola,sequence,0.6,0.6013400335008375,0.5983333333333334,0.9805013927576601,0.9554317548746518
internvl4b,low_acc,dola,sequence,0.8,0.8006700167504187,0.7966666666666666,0.9769874476987448,0.9623430962343096
internvl4b,low_acc,dola,sequence,1.0,1.0,0.995,0.9748743718592965,0.9631490787269682
internvl4b,low_acc,deco,sequence,0.2,0.20100502512562815,0.2,0.9833333333333333,0.9833333333333333
internvl4b,low_acc,deco,sequence,0.4,0.40033500837520936,0.3983333333333333,0.9832635983263598,0.9832635983263598
internvl4b,low_acc,deco,sequence,0.6,0.6013400335008375,0.5983333333333334,0.9805013927576601,0.9777158774373259
internvl4b,low_acc,deco,sequence,0.8,0.8006700167504187,0.7966666666666666,0.9769874476987448,0.9769874476987448
internvl4b,low_acc,deco,sequence,1.0,1.0,0.995,0.9748743718592965,0.9748743718592965
internvl4b,high_acc,vcd,sequence,0.2,0.2003338898163606,0.2,0.0,0.013605442176870748
internvl4b,high_acc,vcd,sequence,0.4,0.4006677796327212,0.4,0.004166666666666667,0.0375
internvl4b,high_acc,vcd,sequence,0.6,0.6010016694490818,0.6,0.03611111111111111,0.065
internvl4b,high_acc,vcd,sequence,0.8,0.8013355592654424,0.8,0.07708333333333334,0.09375
internvl4b,high_acc,vcd,sequence,1.0,1.0,0.9983333333333333,0.14858096828046743,0.16193656093489148
internvl4b,high_acc,m3id,sequence,0.2,0.2003338898163606,0.2,0.0,0.03333333333333333
internvl4b,high_acc,m3id,sequence,0.4,0.4006677796327212,0.4,0.004166666666666667,0.03333333333333333
internvl4b,high_acc,m3id,sequence,0.6,0.6010016694490818,0.6,0.03611111111111111,0.06388888888888888
internvl4b,high_acc,m3id,sequence,0.8,0.8013355592654424,0.8,0.07708333333333334,0.07916666666666666
internvl4b,high_acc,m3id,sequence,1.0,1.0,0.9983333333333333,0.14858096828046743,0.14023372287145242
internvl4b,high_acc,dola,sequence,0.2,0.2003338898163606,0.2,0.0,0.07100591715976332
internvl4b,high_acc,dola,sequence,0.4,0.4006677796327212,0.4,0.004166666666666667,0.16666666666666666
internvl4b,high_acc,dola,sequence,0.6,0.6010016694490818,0.6,0.03611111111111111,0.22361111111111112
internvl4b,high_acc,dola,sequence,0.8,0.8013355592654424,0.8,0.07708333333333334,0.25
internvl4b,high_acc,dola,sequence,1.0,1.0,0.9983333333333333,0.14858096828046743,0.3105175292153589
internvl4b,high_acc,deco,sequence,0.2,0.2003338898163606,0.2,0.0,0.008333333333333333
internvl4b,high_acc,deco,sequence,0.4,0.4006677796327212,0.4,0.004166666666666667,0.020833333333333332
internvl4b,high_acc,deco,sequence,0.6,0.6010016694490818,0.6,0.03611111111111111,0.03888888888888889
internvl4b,high_acc,deco,sequence,0.8,0.8013355592654424,0.8,0.07708333333333334,0.06458333333333334
internvl4b,high_acc,deco,sequence,1.0,1.0,0.9983333333333333,0.14858096828046743,0.14858096828046743
internvl4b,low_acc,vcd,first,0.2,0.20100502512562815,0.2,0.975,0.9416666666666667
internvl4b,low_acc,vcd,first,0.4,0.40033500837520936,0.3983333333333333,0.9790794979079498,0.9581589958158996
internvl4b,low_acc,vcd,first,0.6,0.6013400335008375,0.5983333333333334,0.9749303621169917,0.9693593314763231
internvl4b,low_acc,vcd,first,0.8,0.8006700167504187,0.7966666666666666,0.9728033472803347,0.9665271966527197
internvl4b,low_acc,vcd,first,1.0,1.0,0.995,0.9748743718592965,0.964824120603015
internvl4b,low_acc,m3id,first,0.2,0.20100502512562815,0.2,0.975,0.9416666666666667
internvl4b,low_acc,m3id,first,0.4,0.40033500837520936,0.3983333333333333,0.9790794979079498,0.9665271966527197
internvl4b,low_acc,m3id,first,0.6,0.6013400335008375,0.5983333333333334,0.9749303621169917,0.9721448467966574
internvl4b,low_acc,m3id,first,0.8,0.8006700167504187,0.7966666666666666,0.9728033472803347,0.9728033472803347
internvl4b,low_acc,m3id,first,1.0,1.0,0.995,0.9748743718592965,0.9748743718592965
internvl4b,low_acc,dola,first,0.2,0.20100502512562815,0.2,0.975,0.9333333333333333
internvl4b,low_acc,dola,first,0.4,0.40033500837520936,0.3983333333333333,0.9790794979079498,0.9581589958158996
internvl4b,low_acc,dola,first,0.6,0.6013400335008375,0.5983333333333334,0.9749303621169917,0.958217270194986
internvl4b,low_acc,dola,first,0.8,0.8006700167504187,0.7966666666666666,0.9728033472803347,0.9623430962343096
internvl4b,low_acc,dola,first,1.0,1.0,0.995,0.9748743718592965,0.9631490787269682
internvl4b,low_acc,deco,first,0.2,0.20100502512562815,0.2,0.975,0.975
internvl4b,low_acc,deco,first,0.4,0.40033500837520936,0.3983333333333333,0.9790794979079498,0.9790794979079498
internvl4b,low_acc,deco,first,0.6,0.6013400335008375,0.5983333333333334,0.9749303621169917,0.9749303621169917
internvl4b,low_acc,deco,first,0.8,0.8006700167504187,0.7966666666666666,0.9728033472803347,0.9728033472803347
internvl4b,low_acc,deco,first,1.0,1.0,0.995,0.9748743718592965,0.9748743718592965
internvl4b,high_acc,vcd,first,0.2,0.2003338898163606,0.2,0.0,0.016216216216216217
internvl4b,high_acc,vcd,first,0.4,0.4006677796327212,0.4,0.0125,0.03333333333333333
internvl4b,high_acc,vcd,first,0.6,0.6010016694490818,0.6,0.044444444444444446,0.06666666666666667
internvl4b,high_acc,vcd,first,0.8,0.8013355592654424,0.8,0.0625,0.09166666666666666
internvl4b,high_acc,vcd,first,1.0,1.0,0.9983333333333333,0.14858096828046743,0.16193656093489148
internvl4b,high_acc,m3id,first,0.2,0.2003338898163606,0.2,0.0,0.025
internvl4b,high_acc,m3id,first,0.4,0.4006677796327212,0.4,0.0125,0.029166666666666667
internvl4b,high_acc,m3id,first,0.6,0.6010016694490818,0.6,0.044444444444444446,0.058333333333333334
internvl4b,high_acc,m3id,first,0.8,0.8013355592654424,0.8,0.0625,0.08958333333333333
internvl4b,high_acc,m3id,first,1.0,1.0,0.9983333333333333,0.14858096828046743,0.14023372287145242
internvl4b,high_acc,dola,first,0.2,0.2003338898163606,0.2,0.0,0.17928286852589642
internvl4b,high_acc,dola,first,0.4,0.4006677796327212,0.4,0.0125,0.17928286852589642
internvl4b,high_acc,dola,first,0.6,0.6010016694490818,0.6,0.044444444444444446,0.2388888888888889
internvl4b,high_acc,dola,first,0.8,0.8013355592654424,0.8,0.0625,0.26666666666666666
internvl4b,high_acc,dola,first,1.0,1.0,0.9983333333333333,0.14858096828046743,0.3105175292153589
internvl4b,high_acc,deco,first,0.2,0.2003338898163606,0.2,0.0,0.0
internvl4b,high_acc,deco,first,0.4,0.4006677796327212,0.4,0.0125,0.0125
internvl4b,high_acc,deco,first,0.6,0.6010016694490818,0.6,0.044444444444444446,0.05555555555555555
internvl4b,high_acc,deco,first,0.8,0.8013355592654424,0.8,0.0625,0.075
internvl4b,high_acc,deco,first,1.0,1.0,0.9983333333333333,0.14858096828046743,0.14858096828046743
