model,condition,file,category
q9b,original,synthetic_at_least_one_name_reachable_0,at_least_one_name_reachable
q9b,original,synthetic_at_least_one_name_reachable_1,at_least_one_name_reachable
q9b,original,synthetic_at_least_one_name_reachable_2,at_least_one_name_reachable
q9b,original,synthetic_at_least_one_name_reachable_3,at_least_one_name_reachable
q9b,original,synthetic_at_least_one_name_reachable_4,at_least_one_name_reachable
q9b,original,synthetic_at_least_one_name_reachable_5,at_least_one_name_reachable
q9b,original,synthetic_at_least_one_name_reachable_6,at_least_one_name_reachable
q9b,original,synthetic_at_least_one_name_reachable_7,at_least_one_name_reachable
q9b,original,synthetic_at_least_one_name_reachable_8,at_least_one_name_reachable
q9b,original,synthetic_at_least_one_name_reachable_9,at_least_one_name_reachable
q9b,original,synthetic_at_least_one_name_reachable_10,at_least_one_name_reachable
q9b,original,synthetic_at_least_one_name_reachable_11,at_least_one_name_reachable
q9b,original,synthetic_at_least_one_name_reachable_12,at_least_one_name_reachable
q9b,original,synthetic_at_least_one_name_reachable_13,at_least_one_name_reachable
q9b,original,synthetic_at_least_one_name_reachable_14,at_least_one_name_reachable
q9b,original,synthetic_at_least_one_name_reachable_15,at_least_one_name_reachable
q9b,original,synthetic_at_least_one_name_reachable_16,at_least_one_name_reachable
q9b,original,synthetic_at_least_one_name_reachable_17,at_least_one_name_reachable
q9b,original,synthetic_at_least_one_name_reachable_18,at_least_one_name_reachable
q9b,original,synthetic_at_least_one_name_reachable_19,at_least_one_name_reachable
q9b,original,synthetic_at_least_one_name_reachable_20,at_least_one_name_reachable
q9b,original,synthetic_at_least_one_name_reachable_21,at_least_one_name_reachable
q9b,original,synthetic_at_least_one_name_reachable_22,at_least_one_name_reachable
q9b,original,synthetic_at_least_one_name_reachable_23,at_least_one_name_reachable
q9b,original,synthetic_at_least_one_name_reachable_24,at_least_one_name_reachable
q9b,original,synthetic_at_least_one_name_reachable_25,at_least_one_name_reachable
q9b,original,synthetic_at_least_one_name_reachable_26,at_least_one_name_reachable
q9b,original,synthetic_at_least_one_name_reachable_27,at_least_one_name_reachable
q9b,original,synthetic_at_least_one_name_reachable_28,at_least_one_name_reachable
q9b,original,synthetic_at_least_one_name_reachable_29,at_least_one_name_reachable
q9b,original,synthetic_at_least_one_name_reachable_30,at_least_one_name_reachable
q9b,original,synthetic_at_least_one_name_reachable_31,at_least_one_name_reachable
q9b,original,synthetic_every_name_excluded_by_support_0,every_name_excluded_by_support
q9b,original,synthetic_every_name_excluded_by_support_1,every_name_excluded_by_support
q9b,original,synthetic_every_name_excluded_by_support_2,every_name_excluded_by_support
q9b,original,synthetic_every_name_excluded_by_support_3,every_name_excluded_by_support
q9b,original,synthetic_every_name_excluded_by_support_4,every_name_excluded_by_support
q9b,original,synthetic_every_name_excluded_by_support_5,every_name_excluded_by_support
q9b,original,synthetic_every_name_excluded_by_support_6,every_name_excluded_by_support
q9b,original,synthetic_every_name_excluded_by_support_7,every_name_excluded_by_support
q9b,original,synthetic_every_name_excluded_by_support_8,every_name_excluded_by_support
q9b,original,synthetic_every_name_excluded_by_support_9,every_name_excluded_by_support
q9b,original,synthetic_every_name_excluded_by_support_10,every_name_excluded_by_support
q9b,original,synthetic_every_name_excluded_by_support_11,every_name_excluded_by_support
q9b,original,synthetic_every_name_excluded_by_support_12,every_name_excluded_by_support
q9b,original,synthetic_every_name_excluded_by_support_13,every_name_excluded_by_support
q9b,original,synthetic_every_name_excluded_by_support_14,every_name_excluded_by_support
q9b,original,synthetic_every_name_excluded_by_support_15,every_name_excluded_by_support
q9b,original,synthetic_every_name_excluded_by_support_16,every_name_excluded_by_support
q9b,original,synthetic_every_name_excluded_by_support_17,every_name_excluded_by_support
q9b,original,synthetic_every_name_excluded_by_support_18,every_name_excluded_by_support
q9b,original,synthetic_every_name_excluded_by_support_19,every_name_excluded_by_support
q9b,original,synthetic_every_name_excluded_by_support_20,every_name_excluded_by_support
q9b,original,synthetic_every_name_excluded_by_support_21,every_name_excluded_by_support
q9b,original,synthetic_every_name_excluded_by_support_22,every_name_excluded_by_support
q9b,original,synthetic_every_name_excluded_by_support_23,every_name_excluded_by_support
q9b,original,synthetic_every_name_excluded_by_support_24,every_name_excluded_by_support
q9b,original,synthetic_every_name_excluded_by_support_25,every_name_excluded_by_support
q9b,original,synthetic_every_name_excluded_by_support_26,every_name_excluded_by_support
q9b,original,synthetic_every_name_excluded_by_support_27,every_name_excluded_by_support
q9b,original,synthetic_every_name_excluded_by_support_28,every_name_excluded_by_support
q9b,original,synthetic_every_name_excluded_by_support_29,every_name_excluded_by_support
q9b,original,synthetic_every_name_excluded_by_support_30,every_name_excluded_by_support
q9b,original,synthetic_every_name_excluded_by_support_31,every_name_excluded_by_support
q9b,original,synthetic_every_name_excluded_by_support_32,every_name_excluded_by_support
q9b,original,synthetic_every_name_excluded_by_support_33,every_name_excluded_by_support
q9b,original,synthetic_every_name_excluded_by_support_34,every_name_excluded_by_support
q9b,original,synthetic_every_name_excluded_by_support_35,every_name_excluded_by_support
q9b,original,synthetic_every_name_excluded_by_support_36,every_name_excluded_by_support
q9b,original,synthetic_every_name_excluded_by_support_37,every_name_excluded_by_support
q9b,original,synthetic_every_name_excluded_by_support_38,every_name_excluded_by_support
q9b,original,synthetic_every_name_excluded_by_support_39,every_name_excluded_by_support
q9b,original,synthetic_remaining_score_constraints_incompatible_0,remaining_score_constraints_incompatible
q9b,original,synthetic_remaining_score_constraints_incompatible_1,remaining_score_constraints_incompatible
q9b,original,synthetic_remaining_score_constraints_incompatible_2,remaining_score_constraints_incompatible
q9b,original,synthetic_remaining_score_constraints_incompatible_3,remaining_score_constraints_incompatible
q9b,original,synthetic_remaining_score_constraints_incompatible_4,remaining_score_constraints_incompatible
q9b,original,synthetic_remaining_score_constraints_incompatible_5,remaining_score_constraints_incompatible
q9b,original,synthetic_remaining_score_constraints_incompatible_6,remaining_score_constraints_incompatible
q9b,original,synthetic_remaining_score_constraints_incompatible_7,remaining_score_constraints_incompatible
q9b,original,synthetic_remaining_score_constraints_incompatible_8,remaining_score_constraints_incompatible
q9b,original,synthetic_remaining_score_constraints_incompatible_9,remaining_score_constraints_incompatible
q9b,original,synthetic_remaining_score_constraints_incompatible_10,remaining_score_constraints_incompatible
q9b,original,synthetic_remaining_score_constraints_incompatible_11,remaining_score_constraints_incompatible
q9b,original,synthetic_remaining_score_constraints_incompatible_12,remaining_score_constraints_incompatible
q9b,original,synthetic_remaining_score_constraints_incompatible_13,remaining_score_constraints_incompatible
q9b,original,synthetic_remaining_score_constraints_incompatible_14,remaining_score_constraints_incompatible
q9b,original,synthetic_remaining_score_constraints_incompatible_15,remaining_score_constraints_incompatible
q9b,original,synthetic_remaining_score_constraints_incompatible_16,remaining_score_constraints_incompatible
q9b,original,synthetic_remaining_score_constraints_incompatible_17,remaining_score_constraints_incompatible
q9b,original,synthetic_remaining_score_constraints_incompatible_18,remaining_score_constraints_incompatible
q9b,original,synthetic_remaining_score_constraints_incompatible_19,remaining_score_constraints_incompatible
q9b,original,synthetic_remaining_score_constraints_incompatible_20,remaining_score_constraints_incompatible
q9b,original,synthetic_remaining_score_constraints_incompatible_21,remaining_score_constraints_incompatible
q9b,original,synthetic_remaining_score_constraints_incompatible_22,remaining_score_constraints_incompatible
q9b,original,synthetic_remaining_score_constraints_incompatible_23,remaining_score_constraints_incompatible
q9b,original,synthetic_remaining_score_constraints_incompatible_24,remaining_score_constraints_incompatible
q9b,original,synthetic_remaining_score_constraints_incompatible_25,remaining_score_constraints_incompatible
q9b,original,synthetic_remaining_score_constraints_incompatible_26,remaining_score_constraints_incompatible
q9b,original,synthetic_remaining_score_constraints_incompatible_27,remaining_score_constraints_incompatible
q9b,short32,synthetic_at_least_one_name_reachable_0,at_least_one_name_reachable
q9b,short32,synthetic_at_least_one_name_reachable_1,at_least_one_name_reachable
q9b,short32,synthetic_at_least_one_name_reachable_2,at_least_one_name_reachable
q9b,short32,synthetic_at_least_one_name_reachable_3,at_least_one_name_reachable
q9b,short32,synthetic_at_least_one_name_reachable_4,at_least_one_name_reachable
q9b,short32,synthetic_at_least_one_name_reachable_5,at_least_one_name_reachable
q9b,short32,synthetic_at_least_one_name_reachable_6,at_least_one_name_reachable
q9b,short32,synthetic_at_least_one_name_reachable_7,at_least_one_name_reachable
q9b,short32,synthetic_at_least_one_name_reachable_8,at_least_one_name_reachable
q9b,short32,synthetic_at_least_one_name_reachable_9,at_least_one_name_reachable
q9b,short32,synthetic_at_least_one_name_reachable_10,at_least_one_name_reachable
q9b,short32,synthetic_at_least_one_name_reachable_11,at_least_one_name_reachable
q9b,short32,synthetic_at_least_one_name_reachable_12,at_least_one_name_reachable
q9b,short32,synthetic_at_least_one_name_reachable_13,at_least_one_name_reachable
q9b,short32,synthetic_at_least_one_name_reachable_14,at_least_one_name_reachable
q9b,short32,synthetic_at_least_one_name_reachable_15,at_least_one_name_reachable
q9b,short32,synthetic_at_least_one_name_reachable_16,at_least_one_name_reachable
q9b,short32,synthetic_at_least_one_name_reachable_17,at_least_one_name_reachable
q9b,short32,synthetic_at_least_one_name_reachable_18,at_least_one_name_reachable
q9b,short32,synthetic_at_least_one_name_reachable_19,at_least_one_name_reachable
q9b,short32,synthetic_every_name_excluded_by_support_0,every_name_excluded_by_support
q9b,short32,synthetic_every_name_excluded_by_support_1,every_name_excluded_by_support
q9b,short32,synthetic_every_name_excluded_by_support_2,every_name_excluded_by_support
q9b,short32,synthetic_every_name_excluded_by_support_3,every_name_excluded_by_support
q9b,short32,synthetic_every_name_excluded_by_support_4,every_name_excluded_by_support
q9b,short32,synthetic_every_name_excluded_by_support_5,every_name_excluded_by_support
q9b,short32,synthetic_every_name_excluded_by_support_6,every_name_excluded_by_support
q9b,short32,synthetic_every_name_excluded_by_support_7,every_name_excluded_by_support
q9b,short32,synthetic_every_name_excluded_by_support_8,every_name_excluded_by_support
q9b,short32,synthetic_every_name_excluded_by_support_9,every_name_excluded_by_support
q9b,short32,synthetic_every_name_excluded_by_support_10,every_name_excluded_by_support
q9b,short32,synthetic_every_name_excluded_by_support_11,every_name_excluded_by_support
q9b,short32,synthetic_every_name_excluded_by_support_12,every_name_excluded_by_support
q9b,short32,synthetic_every_name_excluded_by_support_13,every_name_excluded_by_support
q9b,short32,synthetic_every_name_excluded_by_support_14,every_name_excluded_by_support
q9b,short32,synthetic_every_name_excluded_by_support_15,every_name_excluded_by_support
q9b,short32,synthetic_every_name_excluded_by_support_16,every_name_excluded_by_support
q9b,short32,synthetic_every_name_excluded_by_support_17,every_name_excluded_by_support
q9b,short32,synthetic_every_name_excluded_by_support_18,every_name_excluded_by_support
q9b,short32,synthetic_every_name_excluded_by_support_19,every_name_excluded_by_support
q9b,short32,synthetic_every_name_excluded_by_support_20,every_name_excluded_by_support
q9b,short32,synthetic_every_name_excluded_by_support_21,every_name_excluded_by_support
q9b,short32,synthetic_every_name_excluded_by_support_22,every_name_excluded_by_support
q9b,short32,synthetic_every_name_excluded_by_support_23,every_name_excluded_by_support
q9b,short32,synthetic_every_name_excluded_by_support_24,every_name_excluded_by_support
q9b,short32,synthetic_every_name_excluded_by_support_25,every_name_excluded_by_support
q9b,short32,synthetic_every_name_excluded_by_support_26,every_name_excluded_by_support
q9b,short32,synthetic_every_name_excluded_by_support_27,every_name_excluded_by_support
q9b,short32,synthetic_every_name_excluded_by_support_28,every_name_excluded_by_support
q9b,short32,synthetic_every_name_excluded_by_support_29,every_name_excluded_by_support
q9b,short32,synthetic_every_name_excluded_by_support_30,every_name_excluded_by_support
q9b,short32,synthetic_every_name_excluded_by_support_31,every_name_excluded_by_support
q9b,short32,synthetic_every_name_excluded_by_support_32,every_name_excluded_by_support
q9b,short32,synthetic_every_name_excluded_by_support_33,every_name_excluded_by_support
q9b,short32,synthetic_every_name_excluded_by_support_34,every_name_excluded_by_support
q9b,short32,synthetic_every_name_excluded_by_support_35,every_name_excluded_by_support
q9b,short32,synthetic_every_name_excluded_by_support_36,every_name_excluded_by_support
q9b,short32,synthetic_every_name_excluded_by_support_37,every_name_excluded_by_support
q9b,short32,synthetic_every_name_excluded_by_support_38,every_name_excluded_by_support
q9b,short32,synthetic_every_name_excluded_by_support_39,every_name_excluded_by_support
q9b,short32,synthetic_every_name_excluded_by_support_40,every_name_excluded_by_support
q9b,short32,synthetic_every_name_excluded_by_support_41,every_name_excluded_by_support
q9b,short32,synthetic_every_name_excluded_by_support_42,every_name_excluded_by_support
q9b,short32,synthetic_every_name_excluded_by_support_43,every_name_excluded_by_support
q9b,short32,synthetic_every_name_excluded_by_support_44,every_name_excluded_by_support
q9b,short32,synthetic_every_name_excluded_by_support_45,every_name_excluded_by_support
q9b,short32,synthetic_every_name_excluded_by_support_46,every_name_excluded_by_support
q9b,short32,synthetic_every_name_excluded_by_support_47,every_name_excluded_by_support
q9b,short32,synthetic_every_name_excluded_by_support_48,every_name_excluded_by_support
q9b,short32,synthetic_every_name_excluded_by_support_49,every_name_excluded_by_support
q9b,short32,synthetic_every_name_excluded_by_support_50,every_name_excluded_by_support
q9b,short32,synthetic_every_name_excluded_by_support_51,every_name_excluded_by_support
q9b,short32,synthetic_remaining_score_constraints_incompatible_0,remaining_score_constraints_incompatible
q9b,short32,synthetic_remaining_score_constraints_incompatible_1,remaining_score_constraints_incompatible
q9b,short32,synthetic_remaining_score_constraints_incompatible_2,remaining_score_constraints_incompatible
q9b,short32,synthetic_remaining_score_constraints_incompatible_3,remaining_score_constraints_incompatible
q9b,short32,synthetic_remaining_score_constraints_incompatible_4,remaining_score_constraints_incompatible
q9b,short32,synthetic_remaining_score_constraints_incompatible_5,remaining_score_constraints_incompatible
q9b,short32,synthetic_remaining_score_constraints_incompatible_6,remaining_score_constraints_incompatible
q9b,short32,synthetic_remaining_score_constraints_incompatible_7,remaining_score_constraints_incompatible
q9b,short32,synthetic_remaining_score_constraints_incompatible_8,remaining_score_constraints_incompatible
q9b,short32,synthetic_remaining_score_constraints_incompatible_9,remaining_score_constraints_incompatible
q9b,short32,synthetic_remaining_score_constraints_incompatible_10,remaining_score_constraints_incompatible
q9b,short32,synthetic_remaining_score_constraints_incompatible_11,remaining_score_constraints_incompatible
q9b,short32,synthetic_remaining_score_constraints_incompatible_12,remaining_score_constraints_incompatible
q9b,short32,synthetic_remaining_score_constraints_incompatible_13,remaining_score_constraints_incompatible
q9b,short32,synthetic_remaining_score_constraints_incompatible_14,remaining_score_constraints_incompatible
q9b,short32,synthetic_remaining_score_constraints_incompatible_15,remaining_score_constraints_incompatible
q9b,short32,synthetic_remaining_score_constraints_incompatible_16,remaining_score_constraints_incompatible
q9b,short32,synthetic_remaining_score_constraints_incompatible_17,remaining_score_constraints_incompatible
q9b,short32,synthetic_remaining_score_constraints_incompatible_18,remaining_score_constraints_incompatible
q9b,short32,synthetic_remaining_score_constraints_incompatible_19,remaining_score_constraints_incompatible
q9b,short32,synthetic_remaining_score_constraints_incompatible_20,remaining_score_constraints_incompatible
q9b,short32,synthetic_remaining_score_constraints_incompatible_21,remaining_score_constraints_incompatible
q9b,short32,synthetic_remaining_score_constraints_incompatible_22,remaining_score_constraints_incompatible
q9b,short32,synthetic_remaining_score_constraints_incompatible_23,remaining_score_constraints_incompatible
q9b,short32,synthetic_remaining_score_constraints_incompatible_24,remaining_score_constraints_incompatible
q9b,short32,synthetic_remaining_score_constraints_incompatible_25,remaining_score_constraints_incompatible
q9b,short32,synthetic_remaining_score_constraints_incompatible_26,remaining_score_constraints_incompatible
q9b,short32,synthetic_remaining_score_constraints_incompatible_27,remaining_score_constraints_incompatible
llava16,original,synthetic_at_least_one_name_reachable_0,at_least_one_name_reachable
llava16,original,synthetic_at_least_one_name_reachable_1,at_least_one_name_reachable
llava16,original,synthetic_at_least_one_name_reachable_2,at_least_one_name_reachable
llava16,original,synthetic_at_least_one_name_reachable_3,at_least_one_name_reachable
llava16,original,synthetic_at_least_one_name_reachable_4,at_least_one_name_reachable
llava16,original,synthetic_at_least_one_name_reachable_5,at_least_one_name_reachable
llava16,original,synthetic_at_least_one_name_reachable_6,at_least_one_name_reachable
llava16,original,synthetic_at_least_one_name_reachable_7,at_least_one_name_reachable
llava16,original,synthetic_at_least_one_name_reachable_8,at_least_one_name_reachable
llava16,original,synthetic_at_least_one_name_reachable_9,at_least_one_name_reachable
llava16,original,synthetic_at_least_one_name_reachable_10,at_least_one_name_reachable
llava16,original,synthetic_at_least_one_name_reachable_11,at_least_one_name_reachable
llava16,original,synthetic_at_least_one_name_reachable_12,at_least_one_name_reachable
llava16,original,synthetic_at_least_one_name_reachable_13,at_least_one_name_reachable
llava16,original,synthetic_at_least_one_name_reachable_14,at_least_one_name_reachable
llava16,original,synthetic_at_least_one_name_reachable_15,at_least_one_name_reachable
llava16,original,synthetic_at_least_one_name_reachable_16,at_least_one_name_reachable
llava16,original,synthetic_at_least_one_name_reachable_17,at_least_one_name_reachable
llava16,original,synthetic_at_least_one_name_reachable_18,at_least_one_name_reachable
llava16,original,synthetic_at_least_one_name_reachable_19,at_least_one_name_reachable
llava16,original,synthetic_at_least_one_name_reachable_20,at_least_one_name_reachable
llava16,original,synthetic_at_least_one_name_reachable_21,at_least_one_name_reachable
llava16,original,synthetic_at_least_one_name_reachable_22,at_least_one_name_reachable
llava16,original,synthetic_at_least_one_name_reachable_23,at_least_one_name_reachable
llava16,original,synthetic_at_least_one_name_reachable_24,at_least_one_name_reachable
llava16,original,synthetic_at_least_one_name_reachable_25,at_least_one_name_reachable
llava16,original,synthetic_at_least_one_name_reachable_26,at_least_one_name_reachable
llava16,original,synthetic_at_least_one_name_reachable_27,at_least_one_name_reachable
llava16,original,synthetic_every_name_excluded_by_support_0,every_name_excluded_by_support
llava16,original,synthetic_every_name_excluded_by_support_1,every_name_excluded_by_support
llava16,original,synthetic_every_name_excluded_by_support_2,every_name_excluded_by_support
llava16,original,synthetic_every_name_excluded_by_support_3,every_name_excluded_by_support
llava16,original,synthetic_every_name_excluded_by_support_4,every_name_excluded_by_support
llava16,original,synthetic_every_name_excluded_by_support_5,every_name_excluded_by_support
llava16,original,synthetic_every_name_excluded_by_support_6,every_name_excluded_by_support
llava16,original,synthetic_every_name_excluded_by_support_7,every_name_excluded_by_support
llava16,original,synthetic_every_name_excluded_by_support_8,every_name_excluded_by_support
llava16,original,synthetic_every_name_excluded_by_support_9,every_name_excluded_by_support
llava16,original,synthetic_every_name_excluded_by_support_10,every_name_excluded_by_support
llava16,original,synthetic_every_name_excluded_by_support_11,every_name_excluded_by_support
llava16,original,synthetic_every_name_excluded_by_support_12,every_name_excluded_by_support
llava16,original,synthetic_every_name_excluded_by_support_13,every_name_excluded_by_support
llava16,original,synthetic_every_name_excluded_by_support_14,every_name_excluded_by_support
llava16,original,synthetic_every_name_excluded_by_support_15,every_name_excluded_by_support
llava16,original,synthetic_every_name_excluded_by_support_16,every_name_excluded_by_support
llava16,original,synthetic_every_name_excluded_by_support_17,every_name_excluded_by_support
llava16,original,synthetic_every_name_excluded_by_support_18,every_name_excluded_by_support
llava16,original,synthetic_every_name_excluded_by_support_19,every_name_excluded_by_support
llava16,original,synthetic_every_name_excluded_by_support_20,every_name_excluded_by_support
llava16,original,synthetic_every_name_excluded_by_support_21,every_name_excluded_by_support
llava16,original,synthetic_every_name_excluded_by_support_22,every_name_excluded_by_support
llava16,original,synthetic_every_name_excluded_by_support_23,every_name_excluded_by_support
llava16,original,synthetic_every_name_excluded_by_support_24,every_name_excluded_by_support
llava16,original,synthetic_every_name_excluded_by_support_25,every_name_excluded_by_support
llava16,original,synthetic_every_name_excluded_by_support_26,every_name_excluded_by_support
llava16,original,synthetic_every_name_excluded_by_support_27,every_name_excluded_by_support
llava16,original,synthetic_every_name_excluded_by_support_28,every_name_excluded_by_support
llava16,original,synthetic_every_name_excluded_by_support_29,every_name_excluded_by_support
llava16,original,synthetic_every_name_excluded_by_support_30,every_name_excluded_by_support
llava16,original,synthetic_every_name_excluded_by_support_31,every_name_excluded_by_support
llava16,original,synthetic_every_name_excluded_by_support_32,every_name_excluded_by_support
llava16,original,synthetic_every_name_excluded_by_support_33,every_name_excluded_by_support
llava16,original,synthetic_every_name_excluded_by_support_34,every_name_excluded_by_support
llava16,original,synthetic_every_name_excluded_by_support_35,every_name_excluded_by_support
llava16,original,synthetic_every_name_excluded_by_support_36,every_name_excluded_by_support
llava16,original,synthetic_every_name_excluded_by_support_37,every_name_excluded_by_support
llava16,original,synthetic_every_name_excluded_by_support_38,every_name_excluded_by_support
llava16,original,synthetic_every_name_excluded_by_support_39,every_name_excluded_by_support
llava16,original,synthetic_every_name_excluded_by_support_40,every_name_excluded_by_support
llava16,original,synthetic_every_name_excluded_by_support_41,every_name_excluded_by_support
llava16,original,synthetic_every_name_excluded_by_support_42,every_name_excluded_by_support
llava16,original,synthetic_every_name_excluded_by_support_43,every_name_excluded_by_support
llava16,original,synthetic_every_name_excluded_by_support_44,every_name_excluded_by_support
llava16,original,synthetic_every_name_excluded_by_support_45,every_name_excluded_by_support
llava16,original,synthetic_remaining_score_constraints_incompatible_0,remaining_score_constraints_incompatible
llava16,original,synthetic_remaining_score_constraints_incompatible_1,remaining_score_constraints_incompatible
llava16,original,synthetic_remaining_score_constraints_incompatible_2,remaining_score_constraints_incompatible
llava16,original,synthetic_remaining_score_constraints_incompatible_3,remaining_score_constraints_incompatible
llava16,original,synthetic_remaining_score_constraints_incompatible_4,remaining_score_constraints_incompatible
llava16,original,synthetic_remaining_score_constraints_incompatible_5,remaining_score_constraints_incompatible
llava16,original,synthetic_remaining_score_constraints_incompatible_6,remaining_score_constraints_incompatible
llava16,original,synthetic_remaining_score_constraints_incompatible_7,remaining_score_constraints_incompatible
llava16,original,synthetic_remaining_score_constraints_incompatible_8,remaining_score_constraints_incompatible
llava16,original,synthetic_remaining_score_constraints_incompatible_9,remaining_score_constraints_incompatible
llava16,original,synthetic_remaining_score_constraints_incompatible_10,remaining_score_constraints_incompatible
llava16,original,synthetic_remaining_score_constraints_incompatible_11,remaining_score_constraints_incompatible
llava16,original,synthetic_remaining_score_constraints_incompatible_12,remaining_score_constraints_incompatible
llava16,original,synthetic_remaining_score_constraints_incompatible_13,remaining_score_constraints_incompatible
llava16,original,synthetic_remaining_score_constraints_incompatible_14,remaining_score_constraints_incompatible
llava16,original,synthetic_remaining_score_constraints_incompatible_15,remaining_score_constraints_incompatible
llava16,original,synthetic_remaining_score_constraints_incompatible_16,remaining_score_constraints_incompatible
llava16,original,synthetic_remaining_score_constraints_incompatible_17,remaining_score_constraints_incompatible
llava16,original,synthetic_remaining_score_constraints_incompatible_18,remaining_score_constraints_incompatible
llava16,original,synthetic_remaining_score_constraints_incompatible_19,remaining_score_constraints_incompatible
llava16,original,synthetic_remaining_score_constraints_incompatible_20,remaining_score_constraints_incompatible
llava16,original,synthetic_remaining_score_constraints_incompatible_21,remaining_score_constraints_incompatible
llava16,original,synthetic_remaining_score_constraints_incompatible_22,remaining_score_constraints_incompatible
llava16,original,synthetic_remaining_score_constraints_incompatible_23,remaining_score_constraints_incompatible
llava16,original,synthetic_remaining_score_constraints_incompatible_24,remaining_score_constraints_incompatible
llava16,original,synthetic_remaining_score_constraints_incompatible_25,remaining_score_constraints_incompatible
llava16,short32,synthetic_at_least_one_name_reachable_0,at_least_one_name_reachable
llava16,short32,synthetic_at_least_one_name_reachable_1,at_least_one_name_reachable
llava16,short32,synthetic_at_least_one_name_reachable_2,at_least_one_name_reachable
llava16,short32,synthetic_at_least_one_name_reachable_3,at_least_one_name_reachable
llava16,short32,synthetic_at_least_one_name_reachable_4,at_least_one_name_reachable
llava16,short32,synthetic_at_least_one_name_reachable_5,at_least_one_name_reachable
llava16,short32,synthetic_at_least_one_name_reachable_6,at_least_one_name_reachable
llava16,short32,synthetic_at_least_one_name_reachable_7,at_least_one_name_reachable
llava16,short32,synthetic_at_least_one_name_reachable_8,at_least_one_name_reachable
llava16,short32,synthetic_at_least_one_name_reachable_9,at_least_one_name_reachable
llava16,short32,synthetic_at_least_one_name_reachable_10,at_least_one_name_reachable
llava16,short32,synthetic_at_least_one_name_reachable_11,at_least_one_name_reachable
llava16,short32,synthetic_at_least_one_name_reachable_12,at_least_one_name_reachable
llava16,short32,synthetic_at_least_one_name_reachable_13,at_least_one_name_reachable
llava16,short32,synthetic_at_least_one_name_reachable_14,at_least_one_name_reachable
llava16,short32,synthetic_at_least_one_name_reachable_15,at_least_one_name_reachable
llava16,short32,synthetic_at_least_one_name_reachable_16,at_least_one_name_reachable
llava16,short32,synthetic_at_least_one_name_reachable_17,at_least_one_name_reachable
llava16,short32,synthetic_every_name_excluded_by_support_0,every_name_excluded_by_support
llava16,short32,synthetic_every_name_excluded_by_support_1,every_name_excluded_by_support
llava16,short32,synthetic_every_name_excluded_by_support_2,every_name_excluded_by_support
llava16,short32,synthetic_every_name_excluded_by_support_3,every_name_excluded_by_support
llava16,short32,synthetic_every_name_excluded_by_support_4,every_name_excluded_by_support
llava16,short32,synthetic_every_name_excluded_by_support_5,every_name_excluded_by_support
llava16,short32,synthetic_every_name_excluded_by_support_6,every_name_excluded_by_support
llava16,short32,synthetic_every_name_excluded_by_support_7,every_name_excluded_by_support
llava16,short32,synthetic_every_name_excluded_by_support_8,every_name_excluded_by_support
llava16,short32,synthetic_every_name_excluded_by_support_9,every_name_excluded_by_support
llava16,short32,synthetic_every_name_excluded_by_support_10,every_name_excluded_by_support
llava16,short32,synthetic_every_name_excluded_by_support_11,every_name_excluded_by_support
llava16,short32,synthetic_every_name_excluded_by_support_12,every_name_excluded_by_support
llava16,short32,synthetic_every_name_excluded_by_support_13,every_name_excluded_by_support
llava16,short32,synthetic_every_name_excluded_by_support_14,every_name_excluded_by_support
llava16,short32,synthetic_every_name_excluded_by_support_15,every_name_excluded_by_support
llava16,short32,synthetic_every_name_excluded_by_support_16,every_name_excluded_by_support
llava16,short32,synthetic_every_name_excluded_by_support_17,every_name_excluded_by_support
llava16,short32,synthetic_every_name_excluded_by_support_18,every_name_excluded_by_support
llava16,short32,synthetic_every_name_excluded_by_support_19,every_name_excluded_by_support
llava16,short32,synthetic_every_name_excluded_by_support_20,every_name_excluded_by_support
llava16,short32,synthetic_every_name_excluded_by_support_21,every_name_excluded_by_support
llava16,short32,synthetic_every_name_excluded_by_support_22,every_name_excluded_by_support
llava16,short32,synthetic_every_name_excluded_by_support_23,every_name_excluded_by_support
llava16,short32,synthetic_every_name_excluded_by_support_24,every_name_excluded_by_support
llava16,short32,synthetic_every_name_excluded_by_support_25,every_name_excluded_by_support
llava16,short32,synthetic_every_name_excluded_by_support_26,every_name_excluded_by_support
llava16,short32,synthetic_every_name_excluded_by_support_27,every_name_excluded_by_support
llava16,short32,synthetic_every_name_excluded_by_support_28,every_name_excluded_by_support
llava16,short32,synthetic_every_name_excluded_by_support_29,every_name_excluded_by_support
llava16,short32,synthetic_every_name_excluded_by_support_30,every_name_excluded_by_support
llava16,short32,synthetic_every_name_excluded_by_support_31,every_name_excluded_by_support
llava16,short32,synthetic_every_name_excluded_by_support_32,every_name_excluded_by_support
llava16,short32,synthetic_every_name_excluded_by_support_33,every_name_excluded_by_support
llava16,short32,synthetic_every_name_excluded_by_support_34,every_name_excluded_by_support
llava16,short32,synthetic_every_name_excluded_by_support_35,every_name_excluded_by_support
llava16,short32,synthetic_every_name_excluded_by_support_36,every_name_excluded_by_support
llava16,short32,synthetic_every_name_excluded_by_support_37,every_name_excluded_by_support
llava16,short32,synthetic_every_name_excluded_by_support_38,every_name_excluded_by_support
llava16,short32,synthetic_every_name_excluded_by_support_39,every_name_excluded_by_support
llava16,short32,synthetic_every_name_excluded_by_support_40,every_name_excluded_by_support
llava16,short32,synthetic_every_name_excluded_by_support_41,every_name_excluded_by_support
llava16,short32,synthetic_every_name_excluded_by_support_42,every_name_excluded_by_support
llava16,short32,synthetic_every_name_excluded_by_support_43,every_name_excluded_by_support
llava16,short32,synthetic_every_name_excluded_by_support_44,every_name_excluded_by_support
llava16,short32,synthetic_every_name_excluded_by_support_45,every_name_excluded_by_support
llava16,short32,synthetic_every_name_excluded_by_support_46,every_name_excluded_by_support
llava16,short32,synthetic_every_name_excluded_by_support_47,every_name_excluded_by_support
llava16,short32,synthetic_every_name_excluded_by_support_48,every_name_excluded_by_support
llava16,short32,synthetic_every_name_excluded_by_support_49,every_name_excluded_by_support
llava16,short32,synthetic_every_name_excluded_by_support_50,every_name_excluded_by_support
llava16,short32,synthetic_every_name_excluded_by_support_51,every_name_excluded_by_support
llava16,short32,synthetic_every_name_excluded_by_support_52,every_name_excluded_by_support
llava16,short32,synthetic_every_name_excluded_by_support_53,every_name_excluded_by_support
llava16,short32,synthetic_every_name_excluded_by_support_54,every_name_excluded_by_support
llava16,short32,synthetic_every_name_excluded_by_support_55,every_name_excluded_by_support
llava16,short32,synthetic_every_name_excluded_by_support_56,every_name_excluded_by_support
llava16,short32,synthetic_every_name_excluded_by_support_57,every_name_excluded_by_support
llava16,short32,synthetic_remaining_score_constraints_incompatible_0,remaining_score_constraints_incompatible
llava16,short32,synthetic_remaining_score_constraints_incompatible_1,remaining_score_constraints_incompatible
llava16,short32,synthetic_remaining_score_constraints_incompatible_2,remaining_score_constraints_incompatible
llava16,short32,synthetic_remaining_score_constraints_incompatible_3,remaining_score_constraints_incompatible
llava16,short32,synthetic_remaining_score_constraints_incompatible_4,remaining_score_constraints_incompatible
llava16,short32,synthetic_remaining_score_constraints_incompatible_5,remaining_score_constraints_incompatible
llava16,short32,synthetic_remaining_score_constraints_incompatible_6,remaining_score_constraints_incompatible
llava16,short32,synthetic_remaining_score_constraints_incompatible_7,remaining_score_constraints_incompatible
llava16,short32,synthetic_remaining_score_constraints_incompatible_8,remaining_score_constraints_incompatible
llava16,short32,synthetic_remaining_score_constraints_incompatible_9,remaining_score_constraints_incompatible
llava16,short32,synthetic_remaining_score_constraints_incompatible_10,remaining_score_constraints_incompatible
llava16,short32,synthetic_remaining_score_constraints_incompatible_11,remaining_score_constraints_incompatible
llava16,short32,synthetic_remaining_score_constraints_incompatible_12,remaining_score_constraints_incompatible
llava16,short32,synthetic_remaining_score_constraints_incompatible_13,remaining_score_constraints_incompatible
llava16,short32,synthetic_remaining_score_constraints_incompatible_14,remaining_score_constraints_incompatible
llava16,short32,synthetic_remaining_score_constraints_incompatible_15,remaining_score_constraints_incompatible
llava16,short32,synthetic_remaining_score_constraints_incompatible_16,remaining_score_constraints_incompatible
llava16,short32,synthetic_remaining_score_constraints_incompatible_17,remaining_score_constraints_incompatible
llava16,short32,synthetic_remaining_score_constraints_incompatible_18,remaining_score_constraints_incompatible
llava16,short32,synthetic_remaining_score_constraints_incompatible_19,remaining_score_constraints_incompatible
llava16,short32,synthetic_remaining_score_constraints_incompatible_20,remaining_score_constraints_incompatible
llava16,short32,synthetic_remaining_score_constraints_incompatible_21,remaining_score_constraints_incompatible
llava16,short32,synthetic_remaining_score_constraints_incompatible_22,remaining_score_constraints_incompatible
llava16,short32,synthetic_remaining_score_constraints_incompatible_23,remaining_score_constraints_incompatible
